,const,linear_drift,scene_boxcar,scene_hrf
0.0,1.0,-1.0,1.0,0.0
1.0,1.0,-0.9990954319312528,1.0,3.517579020598222e-11
2.0,1.0,-0.9981908638625057,1.0,0.004498217331729651
3.0,1.0,-0.9972862957937585,1.0,0.07105128388641582
4.0,1.0,-0.9963817277250113,1.0,0.2752137781353675
5.0,1.0,-0.9954771596562642,1.0,0.6001635504883386
6.0,1.0,-0.994572591587517,1.0,0.9568594777375395
7.0,1.0,-0.9936680235187698,1.0,1.2582601403055065
8.0,1.0,-0.9927634554500226,1.0,1.4576162165559468
9.0,1.0,-0.9918588873812755,1.0,1.5485709462234536
10.0,1.0,-0.9909543193125283,1.0,1.5504475470688206
11.0,1.0,-0.9900497512437811,1.0,1.4931082062966077
12.0,1.0,-0.989145183175034,1.0,1.4060708926641758
13.0,1.0,-0.9882406151062868,1.0,1.3124670821013138
14.0,1.0,-0.9873360470375395,1.0,1.2270590581985625
15.0,1.0,-0.9864314789687924,1.0,1.1569944670428836
16.0,1.0,-0.9855269109000452,1.0,1.103885912161946
17.0,1.0,-0.984622342831298,1.0,1.0660969971947978
18.0,1.0,-0.9837177747625508,1.0,1.04059224726336
19.0,1.0,-0.9828132066938037,1.0,1.024141641926752
20.0,1.0,-0.9819086386250565,1.0,1.0139435033434574
21.0,1.0,-0.9810040705563093,1.0,1.0078396744243987
22.0,1.0,-0.9800995024875622,1.0,1.0042994390465931
23.0,1.0,-0.979194934418815,1.0,1.002303479228654
24.0,1.0,-0.9782903663500678,1.0,1.001206747767553
25.0,1.0,-0.9773857982813207,1.0,1.0006180980362542
26.0,1.0,-0.9764812302125735,1.0,1.000308874685697
27.0,1.0,-0.9755766621438263,1.0,1.00014962037378
28.0,1.0,-0.9746720940750792,1.0,1.0000690879642506
29.0,1.0,-0.973767526006332,1.0,1.0000290479953222
30.0,1.0,-0.9728629579375848,1.0,1.00000945141189
31.0,1.0,-0.9719583898688376,1.0,1.0
32.0,1.0,-0.9710538218000905,1.0,1.0
33.0,1.0,-0.9701492537313433,1.0,1.0
34.0,1.0,-0.9692446856625961,1.0,1.0
35.0,1.0,-0.968340117593849,1.0,1.0
36.0,1.0,-0.9674355495251018,1.0,1.0
37.0,1.0,-0.9665309814563546,1.0,1.0
38.0,1.0,-0.9656264133876075,1.0,1.0
39.0,1.0,-0.9647218453188603,1.0,1.0
40.0,1.0,-0.963817277250113,1.0,1.0
41.0,1.0,-0.9629127091813658,1.0,1.0
42.0,1.0,-0.9620081411126187,1.0,1.0
43.0,1.0,-0.9611035730438715,1.0,1.0
44.0,1.0,-0.9601990049751243,1.0,1.0
45.0,1.0,-0.9592944369063772,1.0,1.0
46.0,1.0,-0.95838986883763,1.0,1.0
47.0,1.0,-0.9574853007688828,1.0,1.0
48.0,1.0,-0.9565807327001357,1.0,1.0
49.0,1.0,-0.9556761646313885,1.0,1.0
50.0,1.0,-0.9547715965626413,1.0,1.0
51.0,1.0,-0.9538670284938942,1.0,1.0
52.0,1.0,-0.952962460425147,1.0,1.0
53.0,1.0,-0.9520578923563998,1.0,1.0
54.0,1.0,-0.9511533242876526,1.0,1.0
55.0,1.0,-0.9502487562189055,1.0,1.0
56.0,1.0,-0.9493441881501583,1.0,1.0
57.0,1.0,-0.9484396200814111,1.0,1.0
58.0,1.0,-0.947535052012664,1.0,1.0
59.0,1.0,-0.9466304839439168,1.0,1.0
60.0,1.0,-0.9457259158751696,1.0,1.0
61.0,1.0,-0.9448213478064225,1.0,1.0
62.0,1.0,-0.9439167797376753,1.0,1.0
63.0,1.0,-0.9430122116689281,1.0,1.0
64.0,1.0,-0.942107643600181,1.0,1.0
65.0,1.0,-0.9412030755314338,1.0,1.0
66.0,1.0,-0.9402985074626866,1.0,1.0
67.0,1.0,-0.9393939393939394,1.0,1.0
68.0,1.0,-0.9384893713251923,1.0,1.0
69.0,1.0,-0.937584803256445,1.0,1.0
70.0,1.0,-0.9366802351876978,1.0,1.0
71.0,1.0,-0.9357756671189507,1.0,1.0
72.0,1.0,-0.9348710990502035,1.0,1.0
73.0,1.0,-0.9339665309814563,1.0,1.0
74.0,1.0,-0.9330619629127092,1.0,1.0
75.0,1.0,-0.932157394843962,1.0,1.0
76.0,1.0,-0.9312528267752148,1.0,1.0
77.0,1.0,-0.9303482587064676,1.0,1.0
78.0,1.0,-0.9294436906377205,1.0,1.0
79.0,1.0,-0.9285391225689733,1.0,1.0
80.0,1.0,-0.9276345545002261,1.0,1.0
81.0,1.0,-0.926729986431479,1.0,1.0
82.0,1.0,-0.9258254183627318,1.0,1.0
83.0,1.0,-0.9249208502939846,1.0,1.0
84.0,1.0,-0.9240162822252375,1.0,1.0
85.0,1.0,-0.9231117141564903,1.0,1.0
86.0,1.0,-0.9222071460877431,1.0,1.0
87.0,1.0,-0.921302578018996,1.0,1.0
88.0,1.0,-0.9203980099502488,1.0,1.0
89.0,1.0,-0.9194934418815016,1.0,1.0
90.0,1.0,-0.9185888738127544,1.0,1.0
91.0,1.0,-0.9176843057440073,1.0,1.0
92.0,1.0,-0.9167797376752601,1.0,1.0
93.0,1.0,-0.9158751696065128,1.0,1.0
94.0,1.0,-0.9149706015377657,1.0,1.0
95.0,1.0,-0.9140660334690185,1.0,1.0
96.0,1.0,-0.9131614654002713,1.0,1.0
97.0,1.0,-0.9122568973315242,1.0,1.0
98.0,1.0,-0.911352329262777,1.0,1.0
99.0,1.0,-0.9104477611940298,1.0,1.0
100.0,1.0,-0.9095431931252826,1.0,1.0
101.0,1.0,-0.9086386250565355,1.0,1.0
102.0,1.0,-0.9077340569877883,1.0,1.0
103.0,1.0,-0.9068294889190411,1.0,1.0
104.0,1.0,-0.905924920850294,1.0,1.0
105.0,1.0,-0.9050203527815468,1.0,1.0
106.0,1.0,-0.9041157847127996,1.0,1.0
107.0,1.0,-0.9032112166440525,1.0,1.0
108.0,1.0,-0.9023066485753053,1.0,1.0
109.0,1.0,-0.9014020805065581,1.0,1.0
110.0,1.0,-0.900497512437811,1.0,1.0
111.0,1.0,-0.8995929443690638,1.0,1.0
112.0,1.0,-0.8986883763003166,1.0,1.0
113.0,1.0,-0.8977838082315694,1.0,1.0
114.0,1.0,-0.8968792401628223,1.0,1.0
115.0,1.0,-0.8959746720940751,1.0,1.0
116.0,1.0,-0.8950701040253279,1.0,1.0
117.0,1.0,-0.8941655359565808,1.0,1.0
118.0,1.0,-0.8932609678878336,1.0,1.0
119.0,1.0,-0.8923563998190864,1.0,1.0
120.0,1.0,-0.8914518317503393,1.0,1.0
121.0,1.0,-0.8905472636815921,1.0,1.0
122.0,1.0,-0.8896426956128449,1.0,1.0
123.0,1.0,-0.8887381275440976,1.0,1.0
124.0,1.0,-0.8878335594753505,1.0,1.0
125.0,1.0,-0.8869289914066033,1.0,1.0
126.0,1.0,-0.8860244233378561,1.0,1.0
127.0,1.0,-0.885119855269109,1.0,1.0
128.0,1.0,-0.8842152872003618,1.0,1.0
129.0,1.0,-0.8833107191316146,1.0,1.0
130.0,1.0,-0.8824061510628675,1.0,1.0
131.0,1.0,-0.8815015829941203,1.0,1.0
132.0,1.0,-0.8805970149253731,1.0,1.0
133.0,1.0,-0.879692446856626,1.0,1.0
134.0,1.0,-0.8787878787878788,1.0,1.0
135.0,1.0,-0.8778833107191316,1.0,1.0
136.0,1.0,-0.8769787426503844,1.0,1.0
137.0,1.0,-0.8760741745816373,1.0,1.0
138.0,1.0,-0.8751696065128901,1.0,1.0
139.0,1.0,-0.8742650384441429,1.0,1.0
140.0,1.0,-0.8733604703753958,1.0,1.0
141.0,1.0,-0.8724559023066486,1.0,1.0
142.0,1.0,-0.8715513342379014,1.0,1.0
143.0,1.0,-0.8706467661691543,1.0,1.0
144.0,1.0,-0.8697421981004071,1.0,1.0
145.0,1.0,-0.8688376300316598,1.0,1.0
146.0,1.0,-0.8679330619629126,1.0,1.0
147.0,1.0,-0.8670284938941655,1.0,1.0
148.0,1.0,-0.8661239258254183,1.0,1.0
149.0,1.0,-0.8652193577566711,1.0,1.0
150.0,1.0,-0.864314789687924,1.0,1.0
151.0,1.0,-0.8634102216191768,1.0,1.0
152.0,1.0,-0.8625056535504296,1.0,1.0
153.0,1.0,-0.8616010854816825,1.0,1.0
154.0,1.0,-0.8606965174129353,1.0,1.0
155.0,1.0,-0.8597919493441881,1.0,1.0
156.0,1.0,-0.858887381275441,1.0,1.0
157.0,1.0,-0.8579828132066938,1.0,1.0
158.0,1.0,-0.8570782451379466,1.0,1.0
159.0,1.0,-0.8561736770691994,1.0,1.0
160.0,1.0,-0.8552691090004523,1.0,1.0
161.0,1.0,-0.8543645409317051,1.0,1.0
162.0,1.0,-0.8534599728629579,1.0,1.0
163.0,1.0,-0.8525554047942108,1.0,1.0
164.0,1.0,-0.8516508367254636,1.0,1.0
165.0,1.0,-0.8507462686567164,1.0,1.0
166.0,1.0,-0.8498417005879693,1.0,1.0
167.0,1.0,-0.8489371325192221,1.0,1.0
168.0,1.0,-0.8480325644504749,1.0,1.0
169.0,1.0,-0.8471279963817278,1.0,1.0
170.0,1.0,-0.8462234283129806,1.0,1.0
171.0,1.0,-0.8453188602442334,1.0,1.0
172.0,1.0,-0.8444142921754862,1.0,1.0
173.0,1.0,-0.8435097241067391,1.0,1.0
174.0,1.0,-0.8426051560379919,1.0,1.0
175.0,1.0,-0.8417005879692447,1.0,1.0
176.0,1.0,-0.8407960199004976,1.0,1.0
177.0,1.0,-0.8398914518317504,1.0,1.0
178.0,1.0,-0.8389868837630032,1.0,1.0
179.0,1.0,-0.838082315694256,1.0,1.0
180.0,1.0,-0.8371777476255088,1.0,1.0
181.0,1.0,-0.8362731795567616,1.0,1.0
182.0,1.0,-0.8353686114880144,1.0,1.0
183.0,1.0,-0.8344640434192673,1.0,1.0
184.0,1.0,-0.8335594753505201,1.0,1.0
185.0,1.0,-0.8326549072817729,1.0,1.0
186.0,1.0,-0.8317503392130258,1.0,1.0
187.0,1.0,-0.8308457711442786,1.0,1.0
188.0,1.0,-0.8299412030755314,1.0,1.0
189.0,1.0,-0.8290366350067843,1.0,1.0
190.0,1.0,-0.8281320669380371,1.0,1.0
191.0,1.0,-0.8272274988692899,1.0,1.0
192.0,1.0,-0.8263229308005428,1.0,1.0
193.0,1.0,-0.8254183627317956,1.0,1.0
194.0,1.0,-0.8245137946630484,1.0,1.0
195.0,1.0,-0.8236092265943012,1.0,1.0
196.0,1.0,-0.8227046585255541,1.0,1.0
197.0,1.0,-0.8218000904568069,1.0,1.0
198.0,1.0,-0.8208955223880597,1.0,1.0
199.0,1.0,-0.8199909543193125,1.0,1.0
200.0,1.0,-0.8190863862505653,1.0,1.0
201.0,1.0,-0.8181818181818181,1.0,1.0
202.0,1.0,-0.817277250113071,1.0,1.0
203.0,1.0,-0.8163726820443238,1.0,1.0
204.0,1.0,-0.8154681139755766,1.0,1.0
205.0,1.0,-0.8145635459068294,1.0,1.0
206.0,1.0,-0.8136589778380823,1.0,1.0
207.0,1.0,-0.8127544097693351,1.0,1.0
208.0,1.0,-0.8118498417005879,1.0,1.0
209.0,1.0,-0.8109452736318408,1.0,1.0
210.0,1.0,-0.8100407055630936,1.0,1.0
211.0,1.0,-0.8091361374943464,1.0,1.0
212.0,1.0,-0.8082315694255993,1.0,1.0
213.0,1.0,-0.8073270013568521,1.0,1.0
214.0,1.0,-0.8064224332881049,1.0,1.0
215.0,1.0,-0.8055178652193578,1.0,1.0
216.0,1.0,-0.8046132971506106,1.0,1.0
217.0,1.0,-0.8037087290818634,1.0,1.0
218.0,1.0,-0.8028041610131162,1.0,1.0
219.0,1.0,-0.8018995929443691,1.0,1.0
220.0,1.0,-0.8009950248756219,1.0,1.0
221.0,1.0,-0.8000904568068747,1.0,1.0
222.0,1.0,-0.7991858887381276,1.0,1.0
223.0,1.0,-0.7982813206693804,1.0,1.0
224.0,1.0,-0.7973767526006332,1.0,1.0
225.0,1.0,-0.7964721845318861,1.0,1.0
226.0,1.0,-0.7955676164631389,1.0,1.0
227.0,1.0,-0.7946630483943917,1.0,1.0
228.0,1.0,-0.7937584803256446,1.0,1.0
229.0,1.0,-0.7928539122568974,1.0,1.0
230.0,1.0,-0.7919493441881502,1.0,1.0
231.0,1.0,-0.791044776119403,1.0,1.0
232.0,1.0,-0.7901402080506559,1.0,1.0
233.0,1.0,-0.7892356399819086,1.0,1.0
234.0,1.0,-0.7883310719131614,1.0,1.0
235.0,1.0,-0.7874265038444143,1.0,1.0
236.0,1.0,-0.7865219357756671,1.0,1.0
237.0,1.0,-0.7856173677069199,1.0,1.0
238.0,1.0,-0.7847127996381728,1.0,1.0
239.0,1.0,-0.7838082315694256,1.0,1.0
240.0,1.0,-0.7829036635006784,1.0,1.0
241.0,1.0,-0.7819990954319312,1.0,1.0
242.0,1.0,-0.7810945273631841,1.0,1.0
243.0,1.0,-0.7801899592944369,1.0,1.0
244.0,1.0,-0.7792853912256897,1.0,1.0
245.0,1.0,-0.7783808231569426,1.0,1.0
246.0,1.0,-0.7774762550881954,1.0,1.0
247.0,1.0,-0.7765716870194482,1.0,1.0
248.0,1.0,-0.7756671189507011,1.0,1.0
249.0,1.0,-0.7747625508819539,1.0,1.0
250.0,1.0,-0.7738579828132067,1.0,1.0
251.0,1.0,-0.7729534147444596,1.0,1.0
252.0,1.0,-0.7720488466757124,1.0,1.0
253.0,1.0,-0.7711442786069651,1.0,1.0
254.0,1.0,-0.7702397105382179,1.0,1.0
255.0,1.0,-0.7693351424694708,1.0,1.0
256.0,1.0,-0.7684305744007236,1.0,1.0
257.0,1.0,-0.7675260063319764,1.0,1.0
258.0,1.0,-0.7666214382632293,1.0,1.0
259.0,1.0,-0.7657168701944821,1.0,1.0
260.0,1.0,-0.7648123021257349,1.0,1.0
261.0,1.0,-0.7639077340569878,1.0,1.0
262.0,1.0,-0.7630031659882406,1.0,1.0
263.0,1.0,-0.7620985979194934,1.0,1.0
264.0,1.0,-0.7611940298507462,1.0,1.0
265.0,1.0,-0.7602894617819991,1.0,1.0
266.0,1.0,-0.7593848937132519,1.0,1.0
267.0,1.0,-0.7584803256445047,1.0,1.0
268.0,1.0,-0.7575757575757576,1.0,1.0
269.0,1.0,-0.7566711895070104,1.0,1.0
270.0,1.0,-0.7557666214382632,1.0,1.0
271.0,1.0,-0.7548620533695161,1.0,1.0
272.0,1.0,-0.7539574853007689,1.0,1.0
273.0,1.0,-0.7530529172320217,1.0,1.0
274.0,1.0,-0.7521483491632746,1.0,1.0
275.0,1.0,-0.7512437810945274,1.0,1.0
276.0,1.0,-0.7503392130257802,1.0,1.0
277.0,1.0,-0.749434644957033,1.0,1.0
278.0,1.0,-0.7485300768882859,1.0,1.0
279.0,1.0,-0.7476255088195387,1.0,1.0
280.0,1.0,-0.7467209407507915,1.0,1.0
281.0,1.0,-0.7458163726820444,1.0,1.0
282.0,1.0,-0.7449118046132972,1.0,1.0
283.0,1.0,-0.74400723654455,1.0,1.0
284.0,1.0,-0.7431026684758029,1.0,1.0
285.0,1.0,-0.7421981004070557,1.0,1.0
286.0,1.0,-0.7412935323383085,1.0,1.0
287.0,1.0,-0.7403889642695614,1.0,1.0
288.0,1.0,-0.7394843962008142,1.0,1.0
289.0,1.0,-0.738579828132067,1.0,1.0
290.0,1.0,-0.7376752600633197,1.0,1.0
291.0,1.0,-0.7367706919945726,1.0,1.0
292.0,1.0,-0.7358661239258254,1.0,1.0
293.0,1.0,-0.7349615558570782,1.0,1.0
294.0,1.0,-0.7340569877883311,1.0,1.0
295.0,1.0,-0.7331524197195839,1.0,1.0
296.0,1.0,-0.7322478516508367,1.0,1.0
297.0,1.0,-0.7313432835820896,1.0,1.0
298.0,1.0,-0.7304387155133424,1.0,1.0
299.0,1.0,-0.7295341474445952,1.0,1.0
300.0,1.0,-0.728629579375848,1.0,1.0
301.0,1.0,-0.7277250113071009,1.0,1.0
302.0,1.0,-0.7268204432383537,1.0,1.0
303.0,1.0,-0.7259158751696065,1.0,1.0
304.0,1.0,-0.7250113071008593,1.0,1.0
305.0,1.0,-0.7241067390321121,1.0,1.0
306.0,1.0,-0.7232021709633649,1.0,1.0
307.0,1.0,-0.7222976028946178,1.0,1.0
308.0,1.0,-0.7213930348258706,1.0,1.0
309.0,1.0,-0.7204884667571234,1.0,1.0
310.0,1.0,-0.7195838986883762,1.0,1.0
311.0,1.0,-0.7186793306196291,1.0,1.0
312.0,1.0,-0.7177747625508819,1.0,1.0
313.0,1.0,-0.7168701944821347,1.0,1.0
314.0,1.0,-0.7159656264133876,1.0,1.0
315.0,1.0,-0.7150610583446404,1.0,1.0
316.0,1.0,-0.7141564902758932,1.0,1.0
317.0,1.0,-0.7132519222071461,1.0,1.0
318.0,1.0,-0.7123473541383989,1.0,1.0
319.0,1.0,-0.7114427860696517,1.0,1.0
320.0,1.0,-0.7105382180009046,1.0,1.0
321.0,1.0,-0.7096336499321574,1.0,1.0
322.0,1.0,-0.7087290818634102,1.0,1.0
323.0,1.0,-0.707824513794663,1.0,1.0
324.0,1.0,-0.7069199457259159,1.0,1.0
325.0,1.0,-0.7060153776571687,1.0,1.0
326.0,1.0,-0.7051108095884215,1.0,1.0
327.0,1.0,-0.7042062415196744,1.0,1.0
328.0,1.0,-0.7033016734509272,1.0,1.0
329.0,1.0,-0.70239710538218,1.0,1.0
330.0,1.0,-0.7014925373134329,1.0,1.0
331.0,1.0,-0.7005879692446857,1.0,1.0
332.0,1.0,-0.6996834011759385,1.0,1.0
333.0,1.0,-0.6987788331071914,1.0,1.0
334.0,1.0,-0.6978742650384442,1.0,1.0
335.0,1.0,-0.696969696969697,1.0,1.0
336.0,1.0,-0.6960651289009498,1.0,1.0
337.0,1.0,-0.6951605608322027,1.0,1.0
338.0,1.0,-0.6942559927634555,1.0,1.0
339.0,1.0,-0.6933514246947083,1.0,1.0
340.0,1.0,-0.6924468566259612,1.0,1.0
341.0,1.0,-0.691542288557214,1.0,1.0
342.0,1.0,-0.6906377204884668,1.0,1.0
343.0,1.0,-0.6897331524197197,1.0,1.0
344.0,1.0,-0.6888285843509724,1.0,1.0
345.0,1.0,-0.6879240162822252,1.0,1.0
346.0,1.0,-0.687019448213478,1.0,1.0
347.0,1.0,-0.6861148801447309,1.0,1.0
348.0,1.0,-0.6852103120759837,1.0,1.0
349.0,1.0,-0.6843057440072365,1.0,1.0
350.0,1.0,-0.6834011759384894,1.0,1.0
351.0,1.0,-0.6824966078697422,1.0,1.0
352.0,1.0,-0.681592039800995,1.0,1.0
353.0,1.0,-0.6806874717322479,1.0,1.0
354.0,1.0,-0.6797829036635007,1.0,1.0
355.0,1.0,-0.6788783355947535,1.0,1.0
356.0,1.0,-0.6779737675260064,1.0,1.0
357.0,1.0,-0.6770691994572592,1.0,1.0
358.0,1.0,-0.6761646313885119,1.0,1.0
359.0,1.0,-0.6752600633197647,1.0,1.0
360.0,1.0,-0.6743554952510176,1.0,1.0
361.0,1.0,-0.6734509271822704,1.0,1.0
362.0,1.0,-0.6725463591135232,1.0,1.0
363.0,1.0,-0.6716417910447761,1.0,1.0
364.0,1.0,-0.6707372229760289,1.0,1.0
365.0,1.0,-0.6698326549072817,1.0,1.0
366.0,1.0,-0.6689280868385346,1.0,1.0
367.0,1.0,-0.6680235187697874,1.0,1.0
368.0,1.0,-0.6671189507010402,1.0,1.0
369.0,1.0,-0.666214382632293,1.0,1.0
370.0,1.0,-0.6653098145635459,1.0,1.0
371.0,1.0,-0.6644052464947987,1.0,1.0
372.0,1.0,-0.6635006784260515,1.0,1.0
373.0,1.0,-0.6625961103573044,1.0,1.0
374.0,1.0,-0.6616915422885572,1.0,1.0
375.0,1.0,-0.66078697421981,1.0,1.0
376.0,1.0,-0.6598824061510629,1.0,1.0
377.0,1.0,-0.6589778380823157,1.0,1.0
378.0,1.0,-0.6580732700135685,1.0,1.0
379.0,1.0,-0.6571687019448214,1.0,1.0
380.0,1.0,-0.6562641338760742,1.0,1.0
381.0,1.0,-0.655359565807327,1.0,1.0
382.0,1.0,-0.6544549977385798,1.0,1.0
383.0,1.0,-0.6535504296698327,1.0,1.0
384.0,1.0,-0.6526458616010855,1.0,1.0
385.0,1.0,-0.6517412935323383,1.0,1.0
386.0,1.0,-0.6508367254635912,1.0,1.0
387.0,1.0,-0.649932157394844,1.0,1.0
388.0,1.0,-0.6490275893260968,1.0,1.0
389.0,1.0,-0.6481230212573497,1.0,1.0
390.0,1.0,-0.6472184531886025,1.0,1.0
391.0,1.0,-0.6463138851198553,1.0,1.0
392.0,1.0,-0.6454093170511082,1.0,1.0
393.0,1.0,-0.644504748982361,1.0,1.0
394.0,1.0,-0.6436001809136138,1.0,1.0
395.0,1.0,-0.6426956128448666,1.0,1.0
396.0,1.0,-0.6417910447761195,1.0,1.0
397.0,1.0,-0.6408864767073723,1.0,1.0
398.0,1.0,-0.639981908638625,1.0,1.0
399.0,1.0,-0.6390773405698779,1.0,1.0
400.0,1.0,-0.6381727725011307,1.0,1.0
401.0,1.0,-0.6372682044323835,1.0,1.0
402.0,1.0,-0.6363636363636364,1.0,1.0
403.0,1.0,-0.6354590682948892,1.0,1.0
404.0,1.0,-0.634554500226142,1.0,1.0
405.0,1.0,-0.6336499321573948,1.0,1.0
406.0,1.0,-0.6327453640886477,1.0,1.0
407.0,1.0,-0.6318407960199005,1.0,1.0
408.0,1.0,-0.6309362279511533,1.0,1.0
409.0,1.0,-0.6300316598824062,1.0,1.0
410.0,1.0,-0.629127091813659,1.0,1.0
411.0,1.0,-0.6282225237449117,1.0,1.0
412.0,1.0,-0.6273179556761646,1.0,1.0
413.0,1.0,-0.6264133876074174,1.0,1.0
414.0,1.0,-0.6255088195386702,1.0,1.0
415.0,1.0,-0.624604251469923,1.0,1.0
416.0,1.0,-0.6236996834011759,1.0,1.0
417.0,1.0,-0.6227951153324287,1.0,1.0
418.0,1.0,-0.6218905472636815,1.0,1.0
419.0,1.0,-0.6209859791949344,1.0,1.0
420.0,1.0,-0.6200814111261872,1.0,1.0
421.0,1.0,-0.61917684305744,1.0,1.0
422.0,1.0,-0.6182722749886929,1.0,1.0
423.0,1.0,-0.6173677069199457,1.0,1.0
424.0,1.0,-0.6164631388511985,1.0,1.0
425.0,1.0,-0.6155585707824514,1.0,1.0
426.0,1.0,-0.6146540027137042,1.0,1.0
427.0,1.0,-0.613749434644957,1.0,1.0
428.0,1.0,-0.6128448665762098,1.0,1.0
429.0,1.0,-0.6119402985074627,1.0,1.0
430.0,1.0,-0.6110357304387155,1.0,1.0
431.0,1.0,-0.6101311623699683,1.0,1.0
432.0,1.0,-0.6092265943012212,1.0,1.0
433.0,1.0,-0.608322026232474,1.0,1.0
434.0,1.0,-0.6074174581637268,1.0,1.0
435.0,1.0,-0.6065128900949797,1.0,1.0
436.0,1.0,-0.6056083220262325,1.0,1.0
437.0,1.0,-0.6047037539574853,1.0,1.0
438.0,1.0,-0.6037991858887382,1.0,1.0
439.0,1.0,-0.602894617819991,1.0,1.0
440.0,1.0,-0.6019900497512438,1.0,1.0
441.0,1.0,-0.6010854816824966,1.0,1.0
442.0,1.0,-0.6001809136137495,1.0,1.0
443.0,1.0,-0.5992763455450023,1.0,1.0
444.0,1.0,-0.5983717774762551,1.0,1.0
445.0,1.0,-0.597467209407508,1.0,1.0
446.0,1.0,-0.5965626413387608,1.0,1.0
447.0,1.0,-0.5956580732700136,1.0,1.0
448.0,1.0,-0.5947535052012665,1.0,1.0
449.0,1.0,-0.5938489371325193,1.0,1.0
450.0,1.0,-0.5929443690637721,1.0,1.0
451.0,1.0,-0.592039800995025,1.0,1.0
452.0,1.0,-0.5911352329262777,1.0,1.0
453.0,1.0,-0.5902306648575305,1.0,1.0
454.0,1.0,-0.5893260967887833,1.0,1.0
455.0,1.0,-0.5884215287200362,1.0,1.0
456.0,1.0,-0.587516960651289,1.0,1.0
457.0,1.0,-0.5866123925825418,1.0,1.0
458.0,1.0,-0.5857078245137947,1.0,1.0
459.0,1.0,-0.5848032564450475,1.0,1.0
460.0,1.0,-0.5838986883763003,1.0,1.0
461.0,1.0,-0.5829941203075532,1.0,1.0
462.0,1.0,-0.582089552238806,1.0,1.0
463.0,1.0,-0.5811849841700588,1.0,1.0
464.0,1.0,-0.5802804161013116,1.0,1.0
465.0,1.0,-0.5793758480325644,1.0,1.0
466.0,1.0,-0.5784712799638172,1.0,1.0
467.0,1.0,-0.57756671189507,1.0,1.0
468.0,1.0,-0.5766621438263229,1.0,1.0
469.0,1.0,-0.5757575757575757,1.0,1.0
470.0,1.0,-0.5748530076888285,1.0,1.0
471.0,1.0,-0.5739484396200814,1.0,1.0
472.0,1.0,-0.5730438715513342,1.0,1.0
473.0,1.0,-0.572139303482587,1.0,1.0
474.0,1.0,-0.5712347354138398,1.0,1.0
475.0,1.0,-0.5703301673450927,1.0,1.0
476.0,1.0,-0.5694255992763455,1.0,1.0
477.0,1.0,-0.5685210312075983,1.0,1.0
478.0,1.0,-0.5676164631388512,1.0,1.0
479.0,1.0,-0.566711895070104,1.0,1.0
480.0,1.0,-0.5658073270013568,1.0,1.0
481.0,1.0,-0.5649027589326097,1.0,1.0
482.0,1.0,-0.5639981908638625,1.0,1.0
483.0,1.0,-0.5630936227951153,1.0,1.0
484.0,1.0,-0.5621890547263682,1.0,1.0
485.0,1.0,-0.561284486657621,1.0,1.0
486.0,1.0,-0.5603799185888738,1.0,1.0
487.0,1.0,-0.5594753505201266,1.0,1.0
488.0,1.0,-0.5585707824513795,1.0,1.0
489.0,1.0,-0.5576662143826323,1.0,1.0
490.0,1.0,-0.5567616463138851,1.0,1.0
491.0,1.0,-0.555857078245138,1.0,1.0
492.0,1.0,-0.5549525101763908,1.0,1.0
493.0,1.0,-0.5540479421076436,1.0,1.0
494.0,1.0,-0.5531433740388965,1.0,1.0
495.0,1.0,-0.5522388059701493,1.0,1.0
496.0,1.0,-0.5513342379014021,1.0,1.0
497.0,1.0,-0.550429669832655,1.0,1.0
498.0,1.0,-0.5495251017639078,1.0,1.0
499.0,1.0,-0.5486205336951606,1.0,1.0
500.0,1.0,-0.5477159656264134,1.0,1.0
501.0,1.0,-0.5468113975576663,1.0,1.0
502.0,1.0,-0.5459068294889191,1.0,1.0
503.0,1.0,-0.5450022614201719,1.0,1.0
504.0,1.0,-0.5440976933514248,1.0,1.0
505.0,1.0,-0.5431931252826776,1.0,1.0
506.0,1.0,-0.5422885572139303,1.0,1.0
507.0,1.0,-0.5413839891451832,1.0,1.0
508.0,1.0,-0.540479421076436,1.0,1.0
509.0,1.0,-0.5395748530076888,1.0,1.0
510.0,1.0,-0.5386702849389416,1.0,1.0
511.0,1.0,-0.5377657168701945,1.0,1.0
512.0,1.0,-0.5368611488014473,1.0,1.0
513.0,1.0,-0.5359565807327001,1.0,1.0
514.0,1.0,-0.535052012663953,1.0,1.0
515.0,1.0,-0.5341474445952058,1.0,1.0
516.0,1.0,-0.5332428765264586,1.0,1.0
517.0,1.0,-0.5323383084577115,1.0,1.0
518.0,1.0,-0.5314337403889643,1.0,1.0
519.0,1.0,-0.530529172320217,1.0,1.0
520.0,1.0,-0.5296246042514698,1.0,1.0
521.0,1.0,-0.5287200361827227,1.0,1.0
522.0,1.0,-0.5278154681139755,1.0,1.0
523.0,1.0,-0.5269109000452283,1.0,1.0
524.0,1.0,-0.5260063319764812,1.0,1.0
525.0,1.0,-0.525101763907734,1.0,1.0
526.0,1.0,-0.5241971958389868,1.0,1.0
527.0,1.0,-0.5232926277702397,1.0,1.0
528.0,1.0,-0.5223880597014925,1.0,1.0
529.0,1.0,-0.5214834916327453,1.0,1.0
530.0,1.0,-0.5205789235639982,1.0,1.0
531.0,1.0,-0.519674355495251,1.0,1.0
532.0,1.0,-0.5187697874265038,1.0,1.0
533.0,1.0,-0.5178652193577566,1.0,1.0
534.0,1.0,-0.5169606512890095,1.0,1.0
535.0,1.0,-0.5160560832202623,1.0,1.0
536.0,1.0,-0.5151515151515151,1.0,1.0
537.0,1.0,-0.514246947082768,1.0,1.0
538.0,1.0,-0.5133423790140208,1.0,1.0
539.0,1.0,-0.5124378109452736,1.0,1.0
540.0,1.0,-0.5115332428765265,1.0,1.0
541.0,1.0,-0.5106286748077793,1.0,1.0
542.0,1.0,-0.5097241067390321,1.0,1.0
543.0,1.0,-0.508819538670285,1.0,1.0
544.0,1.0,-0.5079149706015378,1.0,1.0
545.0,1.0,-0.5070104025327906,1.0,1.0
546.0,1.0,-0.5061058344640434,1.0,1.0
547.0,1.0,-0.5052012663952963,1.0,1.0
548.0,1.0,-0.5042966983265491,1.0,1.0
549.0,1.0,-0.5033921302578019,1.0,1.0
550.0,1.0,-0.5024875621890548,1.0,1.0
551.0,1.0,-0.5015829941203076,1.0,1.0
552.0,1.0,-0.5006784260515604,1.0,1.0
553.0,1.0,-0.49977385798281315,1.0,1.0
554.0,1.0,-0.498869289914066,1.0,1.0
555.0,1.0,-0.4979647218453188,1.0,1.0
556.0,1.0,-0.49706015377657164,1.0,1.0
557.0,1.0,-0.4961555857078245,1.0,1.0
558.0,1.0,-0.4952510176390773,1.0,1.0
559.0,1.0,-0.49434644957033014,1.0,1.0
560.0,1.0,-0.49344188150158297,1.0,1.0
561.0,1.0,-0.4925373134328358,1.0,1.0
562.0,1.0,-0.49163274536408863,1.0,1.0
563.0,1.0,-0.49072817729534146,1.0,1.0
564.0,1.0,-0.4898236092265943,1.0,1.0
565.0,1.0,-0.4889190411578471,1.0,1.0
566.0,1.0,-0.48801447308909995,1.0,1.0
567.0,1.0,-0.4871099050203528,1.0,1.0
568.0,1.0,-0.4862053369516056,1.0,1.0
569.0,1.0,-0.48530076888285845,1.0,1.0
570.0,1.0,-0.4843962008141113,1.0,1.0
571.0,1.0,-0.4834916327453641,1.0,1.0
572.0,1.0,-0.48258706467661694,1.0,1.0
573.0,1.0,-0.48168249660786977,1.0,1.0
574.0,1.0,-0.4807779285391226,1.0,1.0
575.0,1.0,-0.47987336047037543,1.0,1.0
576.0,1.0,-0.47896879240162826,1.0,1.0
577.0,1.0,-0.4780642243328811,1.0,1.0
578.0,1.0,-0.4771596562641339,1.0,1.0
579.0,1.0,-0.47625508819538676,1.0,1.0
580.0,1.0,-0.4753505201266395,1.0,1.0
581.0,1.0,-0.4744459520578923,1.0,1.0
582.0,1.0,-0.47354138398914514,1.0,1.0
583.0,1.0,-0.47263681592039797,1.0,1.0
584.0,1.0,-0.4717322478516508,1.0,1.0
585.0,1.0,-0.47082767978290363,1.0,1.0
586.0,1.0,-0.46992311171415646,1.0,1.0
587.0,1.0,-0.4690185436454093,1.0,1.0
588.0,1.0,-0.4681139755766621,1.0,1.0
589.0,1.0,-0.46720940750791495,1.0,1.0
590.0,1.0,-0.4663048394391678,1.0,1.0
591.0,1.0,-0.4654002713704206,1.0,1.0
592.0,1.0,-0.46449570330167345,1.0,1.0
593.0,1.0,-0.4635911352329263,1.0,1.0
594.0,1.0,-0.4626865671641791,1.0,1.0
595.0,1.0,-0.46178199909543194,1.0,1.0
596.0,1.0,-0.46087743102668477,1.0,1.0
597.0,1.0,-0.4599728629579376,1.0,1.0
598.0,1.0,-0.45906829488919043,1.0,1.0
599.0,1.0,-0.45816372682044326,1.0,1.0
600.0,1.0,-0.4572591587516961,1.0,1.0
601.0,1.0,-0.4563545906829489,1.0,1.0
602.0,1.0,-0.45545002261420175,1.0,1.0
603.0,1.0,-0.4545454545454546,1.0,1.0
604.0,1.0,-0.4536408864767074,1.0,1.0
605.0,1.0,-0.45273631840796025,1.0,1.0
606.0,1.0,-0.4518317503392131,1.0,1.0
607.0,1.0,-0.4509271822704658,1.0,1.0
608.0,1.0,-0.45002261420171863,1.0,1.0
609.0,1.0,-0.44911804613297146,1.0,1.0
610.0,1.0,-0.4482134780642243,1.0,1.0
611.0,1.0,-0.4473089099954771,1.0,1.0
612.0,1.0,-0.44640434192672995,1.0,1.0
613.0,1.0,-0.4454997738579828,1.0,1.0
614.0,1.0,-0.4445952057892356,1.0,1.0
615.0,1.0,-0.44369063772048845,1.0,1.0
616.0,1.0,-0.4427860696517413,1.0,1.0
617.0,1.0,-0.4418815015829941,1.0,1.0
618.0,1.0,-0.44097693351424694,1.0,1.0
619.0,1.0,-0.44007236544549977,1.0,1.0
620.0,1.0,-0.4391677973767526,1.0,1.0
621.0,1.0,-0.43826322930800543,1.0,1.0
622.0,1.0,-0.43735866123925826,1.0,1.0
623.0,1.0,-0.4364540931705111,1.0,1.0
624.0,1.0,-0.4355495251017639,1.0,1.0
625.0,1.0,-0.43464495703301675,1.0,1.0
626.0,1.0,-0.4337403889642696,1.0,1.0
627.0,1.0,-0.4328358208955224,1.0,1.0
628.0,1.0,-0.43193125282677525,1.0,1.0
629.0,1.0,-0.4310266847580281,1.0,1.0
630.0,1.0,-0.4301221166892809,1.0,1.0
631.0,1.0,-0.42921754862053374,1.0,1.0
632.0,1.0,-0.42831298055178657,1.0,1.0
633.0,1.0,-0.4274084124830394,1.0,1.0
634.0,1.0,-0.4265038444142921,1.0,1.0
635.0,1.0,-0.42559927634554495,1.0,1.0
636.0,1.0,-0.4246947082767978,1.0,1.0
637.0,1.0,-0.4237901402080506,1.0,1.0
638.0,1.0,-0.42288557213930345,1.0,1.0
639.0,1.0,-0.4219810040705563,1.0,1.0
640.0,1.0,-0.4210764360018091,1.0,1.0
641.0,1.0,-0.42017186793306194,1.0,1.0
642.0,1.0,-0.41926729986431477,1.0,1.0
643.0,1.0,-0.4183627317955676,1.0,1.0
644.0,1.0,-0.41745816372682043,1.0,1.0
645.0,1.0,-0.41655359565807326,1.0,1.0
646.0,1.0,-0.4156490275893261,1.0,1.0
647.0,1.0,-0.4147444595205789,1.0,1.0
648.0,1.0,-0.41383989145183175,1.0,1.0
649.0,1.0,-0.4129353233830846,1.0,1.0
650.0,1.0,-0.4120307553143374,1.0,1.0
651.0,1.0,-0.41112618724559025,1.0,1.0
652.0,1.0,-0.4102216191768431,1.0,1.0
653.0,1.0,-0.4093170511080959,1.0,1.0
654.0,1.0,-0.40841248303934874,1.0,1.0
655.0,1.0,-0.40750791497060157,1.0,1.0
656.0,1.0,-0.4066033469018544,1.0,1.0
657.0,1.0,-0.40569877883310723,1.0,1.0
658.0,1.0,-0.40479421076436006,1.0,1.0
659.0,1.0,-0.4038896426956129,1.0,1.0
660.0,1.0,-0.4029850746268657,1.0,1.0
661.0,1.0,-0.40208050655811844,1.0,1.0
662.0,1.0,-0.4011759384893713,1.0,1.0
663.0,1.0,-0.4002713704206241,1.0,1.0
664.0,1.0,-0.39936680235187694,1.0,1.0
665.0,1.0,-0.39846223428312977,1.0,1.0
666.0,1.0,-0.3975576662143826,1.0,1.0
667.0,1.0,-0.39665309814563543,1.0,1.0
668.0,1.0,-0.39574853007688826,1.0,1.0
669.0,1.0,-0.3948439620081411,1.0,1.0
670.0,1.0,-0.3939393939393939,1.0,1.0
671.0,1.0,-0.39303482587064675,1.0,1.0
672.0,1.0,-0.3921302578018996,1.0,1.0
673.0,1.0,-0.3912256897331524,1.0,1.0
674.0,1.0,-0.39032112166440525,1.0,1.0
675.0,1.0,-0.3894165535956581,1.0,1.0
676.0,1.0,-0.3885119855269109,1.0,1.0
677.0,1.0,-0.38760741745816374,1.0,1.0
678.0,1.0,-0.38670284938941657,1.0,1.0
679.0,1.0,-0.3857982813206694,1.0,1.0
680.0,1.0,-0.38489371325192223,1.0,1.0
681.0,1.0,-0.38398914518317506,1.0,1.0
682.0,1.0,-0.3830845771144279,1.0,1.0
683.0,1.0,-0.3821800090456807,1.0,1.0
684.0,1.0,-0.38127544097693356,1.0,1.0
685.0,1.0,-0.3803708729081864,1.0,1.0
686.0,1.0,-0.3794663048394392,1.0,1.0
687.0,1.0,-0.37856173677069205,1.0,1.0
688.0,1.0,-0.37765716870194477,1.0,1.0
689.0,1.0,-0.3767526006331976,1.0,1.0
690.0,1.0,-0.37584803256445043,1.0,1.0
691.0,1.0,-0.37494346449570326,1.0,1.0
692.0,1.0,-0.3740388964269561,1.0,1.0
693.0,1.0,-0.3731343283582089,1.0,1.0
694.0,1.0,-0.37222976028946175,1.0,1.0
695.0,1.0,-0.3713251922207146,1.0,1.0
696.0,1.0,-0.3704206241519674,1.0,1.0
697.0,1.0,-0.36951605608322025,1.0,1.0
698.0,1.0,-0.3686114880144731,1.0,1.0
699.0,1.0,-0.3677069199457259,1.0,1.0
700.0,1.0,-0.36680235187697874,1.0,1.0
701.0,1.0,-0.36589778380823157,1.0,1.0
702.0,1.0,-0.3649932157394844,1.0,1.0
703.0,1.0,-0.36408864767073723,1.0,1.0
704.0,1.0,-0.36318407960199006,1.0,1.0
705.0,1.0,-0.3622795115332429,1.0,1.0
706.0,1.0,-0.3613749434644957,1.0,1.0
707.0,1.0,-0.36047037539574855,1.0,1.0
708.0,1.0,-0.3595658073270014,1.0,1.0
709.0,1.0,-0.3586612392582542,1.0,1.0
710.0,1.0,-0.35775667118950705,1.0,1.0
711.0,1.0,-0.3568521031207599,1.0,1.0
712.0,1.0,-0.3559475350520127,1.0,1.0
713.0,1.0,-0.35504296698326554,1.0,1.0
714.0,1.0,-0.35413839891451837,1.0,1.0
715.0,1.0,-0.3532338308457711,1.0,1.0
716.0,1.0,-0.3523292627770239,1.0,1.0
717.0,1.0,-0.35142469470827675,1.0,1.0
718.0,1.0,-0.3505201266395296,1.0,1.0
719.0,1.0,-0.3496155585707824,1.0,1.0
720.0,1.0,-0.34871099050203525,1.0,1.0
721.0,1.0,-0.3478064224332881,1.0,1.0
722.0,1.0,-0.3469018543645409,1.0,1.0
723.0,1.0,-0.34599728629579374,1.0,1.0
724.0,1.0,-0.34509271822704657,1.0,1.0
725.0,1.0,-0.3441881501582994,1.0,1.0
726.0,1.0,-0.34328358208955223,1.0,1.0
727.0,1.0,-0.34237901402080506,1.0,1.0
728.0,1.0,-0.3414744459520579,1.0,1.0
729.0,1.0,-0.3405698778833107,1.0,1.0
730.0,1.0,-0.33966530981456355,1.0,1.0
731.0,1.0,-0.3387607417458164,1.0,1.0
732.0,1.0,-0.3378561736770692,1.0,1.0
733.0,1.0,-0.33695160560832205,1.0,1.0
734.0,1.0,-0.3360470375395749,1.0,1.0
735.0,1.0,-0.3351424694708277,1.0,1.0
736.0,1.0,-0.33423790140208054,1.0,1.0
737.0,1.0,-0.33333333333333337,1.0,1.0
738.0,1.0,-0.3324287652645862,1.0,1.0
739.0,1.0,-0.33152419719583903,1.0,1.0
740.0,1.0,-0.33061962912709186,1.0,1.0
741.0,1.0,-0.3297150610583447,1.0,1.0
742.0,1.0,-0.3288104929895974,1.0,1.0
743.0,1.0,-0.32790592492085024,1.0,1.0
744.0,1.0,-0.3270013568521031,1.0,1.0
745.0,1.0,-0.3260967887833559,1.0,1.0
746.0,1.0,-0.32519222071460874,1.0,1.0
747.0,1.0,-0.32428765264586157,1.0,1.0
748.0,1.0,-0.3233830845771144,1.0,1.0
749.0,1.0,-0.32247851650836723,1.0,1.0
750.0,1.0,-0.32157394843962006,1.0,1.0
751.0,1.0,-0.3206693803708729,1.0,1.0
752.0,1.0,-0.3197648123021257,1.0,1.0
753.0,1.0,-0.31886024423337855,1.0,1.0
754.0,1.0,-0.3179556761646314,1.0,1.0
755.0,1.0,-0.3170511080958842,1.0,1.0
756.0,1.0,-0.31614654002713705,1.0,1.0
757.0,1.0,-0.3152419719583899,1.0,1.0
758.0,1.0,-0.3143374038896427,1.0,1.0
759.0,1.0,-0.31343283582089554,1.0,1.0
760.0,1.0,-0.31252826775214837,1.0,1.0
761.0,1.0,-0.3116236996834012,1.0,1.0
762.0,1.0,-0.31071913161465403,1.0,1.0
763.0,1.0,-0.30981456354590686,1.0,1.0
764.0,1.0,-0.3089099954771597,1.0,1.0
765.0,1.0,-0.3080054274084125,1.0,1.0
766.0,1.0,-0.30710085933966536,1.0,1.0
767.0,1.0,-0.3061962912709182,1.0,1.0
768.0,1.0,-0.305291723202171,1.0,1.0
769.0,1.0,-0.30438715513342374,1.0,1.0
770.0,1.0,-0.30348258706467657,1.0,1.0
771.0,1.0,-0.3025780189959294,1.0,1.0
772.0,1.0,-0.30167345092718223,1.0,1.0
773.0,1.0,-0.30076888285843506,1.0,1.0
774.0,1.0,-0.2998643147896879,1.0,1.0
775.0,1.0,-0.2989597467209407,1.0,1.0
776.0,1.0,-0.29805517865219355,1.0,1.0
777.0,1.0,-0.2971506105834464,1.0,1.0
778.0,1.0,-0.2962460425146992,1.0,1.0
779.0,1.0,-0.29534147444595205,1.0,1.0
780.0,1.0,-0.2944369063772049,1.0,1.0
781.0,1.0,-0.2935323383084577,1.0,1.0
782.0,1.0,-0.29262777023971054,1.0,1.0
783.0,1.0,-0.29172320217096337,1.0,1.0
784.0,1.0,-0.2908186341022162,1.0,1.0
785.0,1.0,-0.28991406603346903,1.0,1.0
786.0,1.0,-0.28900949796472186,1.0,1.0
787.0,1.0,-0.2881049298959747,1.0,1.0
788.0,1.0,-0.2872003618272275,1.0,1.0
789.0,1.0,-0.28629579375848035,1.0,1.0
790.0,1.0,-0.2853912256897332,1.0,1.0
791.0,1.0,-0.284486657620986,1.0,1.0
792.0,1.0,-0.28358208955223885,1.0,1.0
793.0,1.0,-0.2826775214834917,1.0,1.0
794.0,1.0,-0.2817729534147445,1.0,1.0
795.0,1.0,-0.28086838534599723,1.0,1.0
796.0,1.0,-0.27996381727725006,1.0,1.0
797.0,1.0,-0.2790592492085029,1.0,1.0
798.0,1.0,-0.2781546811397557,1.0,1.0
799.0,1.0,-0.27725011307100855,1.0,1.0
800.0,1.0,-0.2763455450022614,1.0,1.0
801.0,1.0,-0.2754409769335142,1.0,1.0
802.0,1.0,-0.27453640886476705,1.0,1.0
803.0,1.0,-0.2736318407960199,1.0,1.0
804.0,1.0,-0.2727272727272727,1.0,1.0
805.0,1.0,-0.27182270465852554,1.0,1.0
806.0,1.0,-0.27091813658977837,1.0,1.0
807.0,1.0,-0.2700135685210312,1.0,1.0
808.0,1.0,-0.26910900045228403,1.0,1.0
809.0,1.0,-0.26820443238353686,1.0,1.0
810.0,1.0,-0.2672998643147897,1.0,1.0
811.0,1.0,-0.2663952962460425,1.0,1.0
812.0,1.0,-0.26549072817729535,1.0,1.0
813.0,1.0,-0.2645861601085482,1.0,1.0
814.0,1.0,-0.263681592039801,1.0,1.0
815.0,1.0,-0.26277702397105385,1.0,1.0
816.0,1.0,-0.2618724559023067,1.0,1.0
817.0,1.0,-0.2609678878335595,1.0,1.0
818.0,1.0,-0.26006331976481234,1.0,1.0
819.0,1.0,-0.25915875169606517,1.0,1.0
820.0,1.0,-0.258254183627318,1.0,1.0
821.0,1.0,-0.25734961555857083,1.0,1.0
822.0,1.0,-0.25644504748982355,1.0,1.0
823.0,1.0,-0.2555404794210764,1.0,1.0
824.0,1.0,-0.2546359113523292,1.0,1.0
825.0,1.0,-0.25373134328358204,1.0,1.0
826.0,1.0,-0.2528267752148349,1.0,1.0
827.0,1.0,-0.2519222071460877,1.0,1.0
828.0,1.0,-0.25101763907734054,1.0,1.0
829.0,1.0,-0.25011307100859337,1.0,1.0
830.0,1.0,-0.2492085029398462,1.0,1.0
831.0,1.0,-0.24830393487109903,1.0,1.0
832.0,1.0,-0.24739936680235186,1.0,1.0
833.0,1.0,-0.2464947987336047,1.0,1.0
834.0,1.0,-0.24559023066485752,1.0,1.0
835.0,1.0,-0.24468566259611035,1.0,1.0
836.0,1.0,-0.24378109452736318,1.0,1.0
837.0,1.0,-0.24287652645861602,1.0,1.0
838.0,1.0,-0.24197195838986885,1.0,1.0
839.0,1.0,-0.24106739032112168,1.0,1.0
840.0,1.0,-0.2401628222523745,1.0,1.0
841.0,1.0,-0.23925825418362734,1.0,1.0
842.0,1.0,-0.23835368611488017,1.0,1.0
843.0,1.0,-0.237449118046133,1.0,1.0
844.0,1.0,-0.23654454997738583,1.0,1.0
845.0,1.0,-0.23563998190863866,1.0,1.0
846.0,1.0,-0.2347354138398915,1.0,1.0
847.0,1.0,-0.23383084577114432,1.0,1.0
848.0,1.0,-0.23292627770239716,1.0,1.0
849.0,1.0,-0.23202170963364988,1.0,1.0
850.0,1.0,-0.2311171415649027,1.0,1.0
851.0,1.0,-0.23021257349615554,1.0,1.0
852.0,1.0,-0.22930800542740837,1.0,1.0
853.0,1.0,-0.2284034373586612,1.0,1.0
854.0,1.0,-0.22749886928991403,1.0,1.0
855.0,1.0,-0.22659430122116686,1.0,1.0
856.0,1.0,-0.2256897331524197,1.0,1.0
857.0,1.0,-0.22478516508367252,1.0,1.0
858.0,1.0,-0.22388059701492535,1.0,1.0
859.0,1.0,-0.22297602894617818,1.0,1.0
860.0,1.0,-0.22207146087743102,1.0,1.0
861.0,1.0,-0.22116689280868385,1.0,1.0
862.0,1.0,-0.22026232473993668,1.0,1.0
863.0,1.0,-0.2193577566711895,1.0,1.0
864.0,1.0,-0.21845318860244234,1.0,1.0
865.0,1.0,-0.21754862053369517,1.0,1.0
866.0,1.0,-0.216644052464948,1.0,1.0
867.0,1.0,-0.21573948439620083,1.0,1.0
868.0,1.0,-0.21483491632745366,1.0,1.0
869.0,1.0,-0.2139303482587065,1.0,1.0
870.0,1.0,-0.21302578018995932,1.0,1.0
871.0,1.0,-0.21212121212121215,1.0,1.0
872.0,1.0,-0.21121664405246499,1.0,1.0
873.0,1.0,-0.21031207598371782,1.0,1.0
874.0,1.0,-0.20940750791497065,1.0,1.0
875.0,1.0,-0.20850293984622348,1.0,1.0
876.0,1.0,-0.2075983717774762,1.0,1.0
877.0,1.0,-0.20669380370872903,1.0,1.0
878.0,1.0,-0.20578923563998186,1.0,1.0
879.0,1.0,-0.2048846675712347,1.0,1.0
880.0,1.0,-0.20398009950248752,1.0,1.0
881.0,1.0,-0.20307553143374035,1.0,1.0
882.0,1.0,-0.20217096336499318,1.0,1.0
883.0,1.0,-0.20126639529624601,1.0,1.0
884.0,1.0,-0.20036182722749885,1.0,1.0
885.0,1.0,-0.19945725915875168,1.0,1.0
886.0,1.0,-0.1985526910900045,1.0,1.0
887.0,1.0,-0.19764812302125734,1.0,1.0
888.0,1.0,-0.19674355495251017,1.0,1.0
889.0,1.0,-0.195838986883763,1.0,1.0
890.0,1.0,-0.19493441881501583,1.0,1.0
891.0,1.0,-0.19402985074626866,1.0,1.0
892.0,1.0,-0.1931252826775215,1.0,1.0
893.0,1.0,-0.19222071460877432,1.0,1.0
894.0,1.0,-0.19131614654002715,1.0,1.0
895.0,1.0,-0.19041157847127999,1.0,1.0
896.0,1.0,-0.18950701040253282,1.0,1.0
897.0,1.0,-0.18860244233378565,1.0,1.0
898.0,1.0,-0.18769787426503848,1.0,1.0
899.0,1.0,-0.1867933061962913,1.0,1.0
900.0,1.0,-0.18588873812754414,1.0,1.0
901.0,1.0,-0.18498417005879697,1.0,1.0
902.0,1.0,-0.1840796019900498,1.0,1.0
903.0,1.0,-0.18317503392130252,1.0,1.0
904.0,1.0,-0.18227046585255535,1.0,1.0
905.0,1.0,-0.18136589778380818,1.0,1.0
906.0,1.0,-0.18046132971506101,1.0,1.0
907.0,1.0,-0.17955676164631384,1.0,1.0
908.0,1.0,-0.17865219357756668,1.0,1.0
909.0,1.0,-0.1777476255088195,1.0,1.0
910.0,1.0,-0.17684305744007234,1.0,1.0
911.0,1.0,-0.17593848937132517,1.0,1.0
912.0,1.0,-0.175033921302578,1.0,1.0
913.0,1.0,-0.17412935323383083,1.0,1.0
914.0,1.0,-0.17322478516508366,1.0,1.0
915.0,1.0,-0.1723202170963365,1.0,1.0
916.0,1.0,-0.17141564902758932,1.0,1.0
917.0,1.0,-0.17051108095884215,1.0,1.0
918.0,1.0,-0.16960651289009498,1.0,1.0
919.0,1.0,-0.16870194482134782,1.0,1.0
920.0,1.0,-0.16779737675260065,1.0,1.0
921.0,1.0,-0.16689280868385348,1.0,1.0
922.0,1.0,-0.1659882406151063,1.0,1.0
923.0,1.0,-0.16508367254635914,1.0,1.0
924.0,1.0,-0.16417910447761197,1.0,1.0
925.0,1.0,-0.1632745364088648,1.0,1.0
926.0,1.0,-0.16236996834011763,1.0,1.0
927.0,1.0,-0.16146540027137046,1.0,1.0
928.0,1.0,-0.1605608322026233,1.0,1.0
929.0,1.0,-0.15965626413387612,1.0,1.0
930.0,1.0,-0.15875169606512884,1.0,1.0
931.0,1.0,-0.15784712799638168,1.0,1.0
932.0,1.0,-0.1569425599276345,1.0,1.0
933.0,1.0,-0.15603799185888734,1.0,1.0
934.0,1.0,-0.15513342379014017,1.0,1.0
935.0,1.0,-0.154228855721393,1.0,1.0
936.0,1.0,-0.15332428765264583,1.0,1.0
937.0,1.0,-0.15241971958389866,1.0,1.0
938.0,1.0,-0.1515151515151515,1.0,1.0
939.0,1.0,-0.15061058344640432,1.0,1.0
940.0,1.0,-0.14970601537765715,1.0,1.0
941.0,1.0,-0.14880144730890998,1.0,1.0
942.0,1.0,-0.14789687924016282,1.0,1.0
943.0,1.0,-0.14699231117141565,1.0,1.0
944.0,1.0,-0.14608774310266848,1.0,1.0
945.0,1.0,-0.1451831750339213,1.0,1.0
946.0,1.0,-0.14427860696517414,1.0,1.0
947.0,1.0,-0.14337403889642697,1.0,1.0
948.0,1.0,-0.1424694708276798,1.0,1.0
949.0,1.0,-0.14156490275893263,1.0,1.0
950.0,1.0,-0.14066033469018546,1.0,1.0
951.0,1.0,-0.1397557666214383,1.0,1.0
952.0,1.0,-0.13885119855269112,1.0,1.0
953.0,1.0,-0.13794663048394395,1.0,1.0
954.0,1.0,-0.13704206241519679,1.0,1.0
955.0,1.0,-0.13613749434644962,1.0,1.0
956.0,1.0,-0.13523292627770245,1.0,1.0
957.0,1.0,-0.13432835820895517,1.0,1.0
958.0,1.0,-0.133423790140208,1.0,1.0
959.0,1.0,-0.13251922207146083,1.0,1.0
960.0,1.0,-0.13161465400271366,1.0,1.0
961.0,1.0,-0.1307100859339665,1.0,1.0
962.0,1.0,-0.12980551786521932,1.0,1.0
963.0,1.0,-0.12890094979647215,1.0,1.0
964.0,1.0,-0.12799638172772498,1.0,1.0
965.0,1.0,-0.12709181365897781,1.0,1.0
966.0,1.0,-0.12618724559023065,1.0,1.0
967.0,1.0,-0.12528267752148348,1.0,1.0
968.0,1.0,-0.12437810945273631,1.0,1.0
969.0,1.0,-0.12347354138398914,1.0,1.0
970.0,1.0,-0.12256897331524197,1.0,1.0
971.0,1.0,-0.1216644052464948,1.0,1.0
972.0,1.0,-0.12075983717774763,1.0,1.0
973.0,1.0,-0.11985526910900046,1.0,1.0
974.0,1.0,-0.11895070104025329,1.0,1.0
975.0,1.0,-0.11804613297150612,1.0,1.0
976.0,1.0,-0.11714156490275895,1.0,1.0
977.0,1.0,-0.11623699683401179,1.0,1.0
978.0,1.0,-0.11533242876526462,1.0,1.0
979.0,1.0,-0.11442786069651745,1.0,1.0
980.0,1.0,-0.11352329262777028,1.0,1.0
981.0,1.0,-0.11261872455902311,1.0,1.0
982.0,1.0,-0.11171415649027594,1.0,1.0
983.0,1.0,-0.11080958842152877,1.0,1.0
984.0,1.0,-0.10990502035278149,1.0,1.0
985.0,1.0,-0.10900045228403432,1.0,1.0
986.0,1.0,-0.10809588421528715,1.0,1.0
987.0,1.0,-0.10719131614653998,1.0,1.0
988.0,1.0,-0.10628674807779281,1.0,1.0
989.0,1.0,-0.10538218000904565,1.0,1.0
990.0,1.0,-0.10447761194029848,1.0,1.0
991.0,1.0,-0.1035730438715513,1.0,1.0
992.0,1.0,-0.10266847580280414,1.0,1.0
993.0,1.0,-0.10176390773405697,1.0,1.0
994.0,1.0,-0.1008593396653098,1.0,1.0
995.0,1.0,-0.09995477159656263,1.0,1.0
996.0,1.0,-0.09905020352781546,1.0,1.0
997.0,1.0,-0.09814563545906829,1.0,1.0
998.0,1.0,-0.09724106739032112,1.0,1.0
999.0,1.0,-0.09633649932157395,1.0,1.0
1000.0,1.0,-0.09543193125282678,1.0,1.0
1001.0,1.0,-0.09452736318407962,1.0,1.0
1002.0,1.0,-0.09362279511533245,1.0,1.0
1003.0,1.0,-0.09271822704658528,1.0,1.0
1004.0,1.0,-0.09181365897783811,1.0,1.0
1005.0,1.0,-0.09090909090909094,1.0,1.0
1006.0,1.0,-0.09000452284034377,1.0,1.0
1007.0,1.0,-0.0890999547715966,1.0,1.0
1008.0,1.0,-0.08819538670284943,1.0,1.0
1009.0,1.0,-0.08729081863410226,1.0,1.0
1010.0,1.0,-0.0863862505653551,1.0,1.0
1011.0,1.0,-0.08548168249660781,1.0,1.0
1012.0,1.0,-0.08457711442786064,1.0,1.0
1013.0,1.0,-0.08367254635911348,1.0,1.0
1014.0,1.0,-0.0827679782903663,1.0,1.0
1015.0,1.0,-0.08186341022161914,1.0,1.0
1016.0,1.0,-0.08095884215287197,1.0,1.0
1017.0,1.0,-0.0800542740841248,1.0,1.0
1018.0,1.0,-0.07914970601537763,1.0,1.0
1019.0,1.0,-0.07824513794663046,1.0,1.0
1020.0,1.0,-0.07734056987788329,1.0,1.0
1021.0,1.0,-0.07643600180913612,1.0,1.0
1022.0,1.0,-0.07553143374038895,1.0,1.0
1023.0,1.0,-0.07462686567164178,1.0,1.0
1024.0,1.0,-0.07372229760289462,1.0,1.0
1025.0,1.0,-0.07281772953414745,1.0,1.0
1026.0,1.0,-0.07191316146540028,1.0,1.0
1027.0,1.0,-0.07100859339665311,1.0,1.0
1028.0,1.0,-0.07010402532790594,1.0,1.0
1029.0,1.0,-0.06919945725915877,1.0,1.0
1030.0,1.0,-0.0682948891904116,1.0,1.0
1031.0,1.0,-0.06739032112166443,1.0,1.0
1032.0,1.0,-0.06648575305291726,1.0,1.0
1033.0,1.0,-0.0655811849841701,1.0,1.0
1034.0,1.0,-0.06467661691542292,1.0,1.0
1035.0,1.0,-0.06377204884667576,1.0,1.0
1036.0,1.0,-0.06286748077792859,1.0,1.0
1037.0,1.0,-0.06196291270918142,1.0,1.0
1038.0,1.0,-0.06105834464043414,1.0,1.0
1039.0,1.0,-0.06015377657168697,1.0,1.0
1040.0,1.0,-0.0592492085029398,1.0,1.0
1041.0,1.0,-0.05834464043419263,1.0,1.0
1042.0,1.0,-0.05744007236544546,1.0,1.0
1043.0,1.0,-0.05653550429669829,1.0,1.0
1044.0,1.0,-0.05563093622795112,1.0,1.0
1045.0,1.0,-0.05472636815920395,1.0,1.0
1046.0,1.0,-0.053821800090456784,1.0,1.0
1047.0,1.0,-0.052917232021709615,1.0,1.0
1048.0,1.0,-0.052012663952962446,1.0,1.0
1049.0,1.0,-0.05110809588421528,1.0,1.0
1050.0,1.0,-0.05020352781546811,1.0,1.0
1051.0,1.0,-0.04929895974672094,1.0,1.0
1052.0,1.0,-0.04839439167797377,1.0,1.0
1053.0,1.0,-0.0474898236092266,1.0,1.0
1054.0,1.0,-0.04658525554047943,1.0,1.0
1055.0,1.0,-0.04568068747173226,1.0,1.0
1056.0,1.0,-0.04477611940298509,1.0,1.0
1057.0,1.0,-0.043871551334237924,1.0,1.0
1058.0,1.0,-0.042966983265490755,1.0,1.0
1059.0,1.0,-0.042062415196743586,1.0,1.0
1060.0,1.0,-0.041157847127996416,1.0,1.0
1061.0,1.0,-0.04025327905924925,1.0,1.0
1062.0,1.0,-0.03934871099050208,1.0,1.0
1063.0,1.0,-0.03844414292175491,1.0,1.0
1064.0,1.0,-0.03753957485300774,1.0,1.0
1065.0,1.0,-0.03663500678426046,1.0,1.0
1066.0,1.0,-0.03573043871551329,1.0,1.0
1067.0,1.0,-0.03482587064676612,1.0,1.0
1068.0,1.0,-0.03392130257801895,1.0,1.0
1069.0,1.0,-0.03301673450927178,1.0,1.0
1070.0,1.0,-0.032112166440524614,1.0,1.0
1071.0,1.0,-0.031207598371777445,1.0,1.0
1072.0,1.0,-0.030303030303030276,1.0,1.0
1073.0,1.0,-0.029398462234283107,1.0,1.0
1074.0,1.0,-0.028493894165535938,1.0,1.0
1075.0,1.0,-0.02758932609678877,1.0,1.0
1076.0,1.0,-0.0266847580280416,1.0,1.0
1077.0,1.0,-0.02578018995929443,1.0,1.0
1078.0,1.0,-0.02487562189054726,1.0,1.0
1079.0,1.0,-0.023971053821800092,1.0,1.0
1080.0,1.0,-0.023066485753052923,1.0,1.0
1081.0,1.0,-0.022161917684305754,1.0,1.0
1082.0,1.0,-0.021257349615558585,1.0,1.0
1083.0,1.0,-0.020352781546811416,1.0,1.0
1084.0,1.0,-0.019448213478064247,1.0,1.0
1085.0,1.0,-0.018543645409317078,1.0,1.0
1086.0,1.0,-0.01763907734056991,1.0,1.0
1087.0,1.0,-0.01673450927182274,1.0,1.0
1088.0,1.0,-0.01582994120307557,1.0,1.0
1089.0,1.0,-0.014925373134328401,1.0,1.0
1090.0,1.0,-0.014020805065581232,1.0,1.0
1091.0,1.0,-0.013116236996834063,1.0,1.0
1092.0,1.0,-0.012211668928086783,1.0,1.0
1093.0,1.0,-0.011307100859339614,1.0,1.0
1094.0,1.0,-0.010402532790592445,1.0,1.0
1095.0,1.0,-0.009497964721845276,1.0,1.0
1096.0,1.0,-0.008593396653098107,1.0,1.0
1097.0,1.0,-0.007688828584350937,1.0,1.0
1098.0,1.0,-0.006784260515603768,1.0,1.0
1099.0,1.0,-0.005879692446856599,1.0,1.0
1100.0,1.0,-0.00497512437810943,1.0,1.0
1101.0,1.0,-0.004070556309362261,1.0,1.0
1102.0,1.0,-0.003165988240615092,1.0,1.0
1103.0,1.0,-0.0022614201718679228,1.0,1.0
1104.0,1.0,-0.0013568521031207537,1.0,1.0
1105.0,1.0,-0.00045228403437358455,1.0,1.0
1106.0,1.0,0.0004522840343736956,1.0,1.0
1107.0,1.0,0.0013568521031208647,1.0,1.0
1108.0,1.0,0.002261420171868034,1.0,1.0
1109.0,1.0,0.003165988240615203,1.0,1.0
1110.0,1.0,0.004070556309362372,1.0,1.0
1111.0,1.0,0.004975124378109541,1.0,1.0
1112.0,1.0,0.00587969244685671,1.0,1.0
1113.0,1.0,0.006784260515603879,1.0,1.0
1114.0,1.0,0.0076888285843510484,1.0,1.0
1115.0,1.0,0.008593396653098218,1.0,1.0
1116.0,1.0,0.009497964721845387,1.0,1.0
1117.0,1.0,0.010402532790592556,1.0,1.0
1118.0,1.0,0.011307100859339725,1.0,1.0
1119.0,1.0,0.012211668928086894,1.0,1.0
1120.0,1.0,0.013116236996834063,1.0,1.0
1121.0,1.0,0.014020805065581232,1.0,1.0
1122.0,1.0,0.014925373134328401,1.0,1.0
1123.0,1.0,0.01582994120307557,1.0,1.0
1124.0,1.0,0.01673450927182274,1.0,1.0
1125.0,1.0,0.01763907734056991,1.0,1.0
1126.0,1.0,0.018543645409317078,1.0,1.0
1127.0,1.0,0.019448213478064247,1.0,1.0
1128.0,1.0,0.020352781546811416,1.0,1.0
1129.0,1.0,0.021257349615558585,1.0,1.0
1130.0,1.0,0.022161917684305754,1.0,1.0
1131.0,1.0,0.023066485753052923,1.0,1.0
1132.0,1.0,0.023971053821800092,1.0,1.0
1133.0,1.0,0.02487562189054726,1.0,1.0
1134.0,1.0,0.02578018995929443,1.0,1.0
1135.0,1.0,0.0266847580280416,1.0,1.0
1136.0,1.0,0.02758932609678877,1.0,1.0
1137.0,1.0,0.028493894165535938,1.0,1.0
1138.0,1.0,0.029398462234283107,1.0,1.0
1139.0,1.0,0.030303030303030276,1.0,1.0
1140.0,1.0,0.031207598371777445,1.0,1.0
1141.0,1.0,0.032112166440524614,1.0,1.0
1142.0,1.0,0.03301673450927178,1.0,1.0
1143.0,1.0,0.03392130257801895,1.0,1.0
1144.0,1.0,0.03482587064676612,1.0,1.0
1145.0,1.0,0.03573043871551329,1.0,1.0
1146.0,1.0,0.03663500678426046,1.0,1.0
1147.0,1.0,0.03753957485300763,1.0,1.0
1148.0,1.0,0.0384441429217548,1.0,1.0
1149.0,1.0,0.03934871099050197,1.0,1.0
1150.0,1.0,0.040253279059249136,1.0,1.0
1151.0,1.0,0.041157847127996305,1.0,1.0
1152.0,1.0,0.042062415196743475,1.0,1.0
1153.0,1.0,0.042966983265490644,1.0,1.0
1154.0,1.0,0.04387155133423781,1.0,1.0
1155.0,1.0,0.04477611940298498,1.0,1.0
1156.0,1.0,0.04568068747173215,1.0,1.0
1157.0,1.0,0.04658525554047932,1.0,1.0
1158.0,1.0,0.04748982360922649,1.0,1.0
1159.0,1.0,0.04839439167797388,1.0,1.0
1160.0,1.0,0.04929895974672105,1.0,1.0
1161.0,1.0,0.05020352781546822,1.0,1.0
1162.0,1.0,0.05110809588421539,1.0,1.0
1163.0,1.0,0.05201266395296256,1.0,1.0
1164.0,1.0,0.052917232021709726,1.0,1.0
1165.0,1.0,0.053821800090456895,1.0,1.0
1166.0,1.0,0.054726368159204064,1.0,1.0
1167.0,1.0,0.05563093622795123,1.0,1.0
1168.0,1.0,0.0565355042966984,1.0,1.0
1169.0,1.0,0.05744007236544557,1.0,1.0
1170.0,1.0,0.05834464043419274,1.0,1.0
1171.0,1.0,0.05924920850293991,1.0,1.0
1172.0,1.0,0.06015377657168708,1.0,1.0
1173.0,1.0,0.06105834464043425,1.0,1.0
1174.0,1.0,0.06196291270918142,1.0,1.0
1175.0,1.0,0.06286748077792859,1.0,1.0
1176.0,1.0,0.06377204884667576,1.0,1.0
1177.0,1.0,0.06467661691542292,1.0,1.0
1178.0,1.0,0.0655811849841701,1.0,1.0
1179.0,1.0,0.06648575305291726,1.0,1.0
1180.0,1.0,0.06739032112166443,1.0,1.0
1181.0,1.0,0.0682948891904116,1.0,1.0
1182.0,1.0,0.06919945725915877,1.0,1.0
1183.0,1.0,0.07010402532790594,1.0,1.0
1184.0,1.0,0.07100859339665311,1.0,1.0
1185.0,1.0,0.07191316146540028,1.0,1.0
1186.0,1.0,0.07281772953414745,1.0,1.0
1187.0,1.0,0.07372229760289462,1.0,1.0
1188.0,1.0,0.07462686567164178,1.0,1.0
1189.0,1.0,0.07553143374038895,1.0,1.0
1190.0,1.0,0.07643600180913612,1.0,1.0
1191.0,1.0,0.07734056987788329,1.0,1.0
1192.0,1.0,0.07824513794663046,1.0,1.0
1193.0,1.0,0.07914970601537763,1.0,1.0
1194.0,1.0,0.0800542740841248,1.0,1.0
1195.0,1.0,0.08095884215287197,1.0,1.0
1196.0,1.0,0.08186341022161914,1.0,1.0
1197.0,1.0,0.0827679782903663,1.0,1.0
1198.0,1.0,0.08367254635911348,1.0,1.0
1199.0,1.0,0.08457711442786064,1.0,1.0
1200.0,1.0,0.08548168249660781,1.0,1.0
1201.0,1.0,0.08638625056535498,1.0,1.0
1202.0,1.0,0.08729081863410215,1.0,1.0
1203.0,1.0,0.08819538670284932,1.0,1.0
1204.0,1.0,0.08909995477159649,1.0,1.0
1205.0,1.0,0.09000452284034366,1.0,1.0
1206.0,1.0,0.09090909090909083,1.0,1.0
1207.0,1.0,0.091813658977838,1.0,1.0
1208.0,1.0,0.09271822704658517,1.0,1.0
1209.0,1.0,0.09362279511533234,1.0,1.0
1210.0,1.0,0.0945273631840795,1.0,1.0
1211.0,1.0,0.09543193125282667,1.0,1.0
1212.0,1.0,0.09633649932157384,1.0,1.0
1213.0,1.0,0.09724106739032123,1.0,1.0
1214.0,1.0,0.0981456354590684,1.0,1.0
1215.0,1.0,0.09905020352781557,1.0,1.0
1216.0,1.0,0.09995477159656274,1.0,1.0
1217.0,1.0,0.10085933966530991,1.0,1.0
1218.0,1.0,0.10176390773405708,1.0,1.0
1219.0,1.0,0.10266847580280425,1.0,1.0
1220.0,1.0,0.10357304387155142,1.0,1.0
1221.0,1.0,0.10447761194029859,1.0,1.0
1222.0,1.0,0.10538218000904576,1.0,1.0
1223.0,1.0,0.10628674807779293,1.0,1.0
1224.0,1.0,0.1071913161465401,1.0,1.0
1225.0,1.0,0.10809588421528726,1.0,1.0
1226.0,1.0,0.10900045228403443,1.0,1.0
1227.0,1.0,0.1099050203527816,1.0,1.0
1228.0,1.0,0.11080958842152877,1.0,1.0
1229.0,1.0,0.11171415649027594,1.0,1.0
1230.0,1.0,0.11261872455902311,1.0,1.0
1231.0,1.0,0.11352329262777028,1.0,1.0
1232.0,1.0,0.11442786069651745,1.0,1.0
1233.0,1.0,0.11533242876526462,1.0,1.0
1234.0,1.0,0.11623699683401179,1.0,1.0
1235.0,1.0,0.11714156490275895,1.0,1.0
1236.0,1.0,0.11804613297150612,1.0,1.0
1237.0,1.0,0.11895070104025329,1.0,1.0
1238.0,1.0,0.11985526910900046,1.0,1.0
1239.0,1.0,0.12075983717774763,1.0,1.0
1240.0,1.0,0.1216644052464948,1.0,1.0
1241.0,1.0,0.12256897331524197,1.0,1.0
1242.0,1.0,0.12347354138398914,1.0,1.0
1243.0,1.0,0.12437810945273631,1.0,1.0
1244.0,1.0,0.12528267752148348,1.0,1.0
1245.0,1.0,0.12618724559023065,1.0,1.0
1246.0,1.0,0.12709181365897781,1.0,1.0
1247.0,1.0,0.12799638172772498,1.0,1.0
1248.0,1.0,0.12890094979647215,1.0,1.0
1249.0,1.0,0.12980551786521932,1.0,1.0
1250.0,1.0,0.1307100859339665,1.0,1.0
1251.0,1.0,0.13161465400271366,1.0,1.0
1252.0,1.0,0.13251922207146083,1.0,1.0
1253.0,1.0,0.133423790140208,1.0,1.0
1254.0,1.0,0.13432835820895517,1.0,1.0
1255.0,1.0,0.13523292627770234,1.0,1.0
1256.0,1.0,0.1361374943464495,1.0,1.0
1257.0,1.0,0.13704206241519667,1.0,1.0
1258.0,1.0,0.13794663048394384,1.0,1.0
1259.0,1.0,0.138851198552691,1.0,1.0
1260.0,1.0,0.13975576662143818,1.0,1.0
1261.0,1.0,0.14066033469018535,1.0,1.0
1262.0,1.0,0.14156490275893252,1.0,1.0
1263.0,1.0,0.1424694708276797,1.0,1.0
1264.0,1.0,0.14337403889642686,1.0,1.0
1265.0,1.0,0.14427860696517403,1.0,1.0
1266.0,1.0,0.1451831750339212,1.0,1.0
1267.0,1.0,0.1460877431026686,1.0,1.0
1268.0,1.0,0.14699231117141576,1.0,1.0
1269.0,1.0,0.14789687924016293,1.0,1.0
1270.0,1.0,0.1488014473089101,1.0,1.0
1271.0,1.0,0.14970601537765726,1.0,1.0
1272.0,1.0,0.15061058344640443,1.0,1.0
1273.0,1.0,0.1515151515151516,1.0,1.0
1274.0,1.0,0.15241971958389877,1.0,1.0
1275.0,1.0,0.15332428765264594,1.0,1.0
1276.0,1.0,0.1542288557213931,1.0,1.0
1277.0,1.0,0.15513342379014028,1.0,1.0
1278.0,1.0,0.15603799185888745,1.0,1.0
1279.0,1.0,0.15694255992763462,1.0,1.0
1280.0,1.0,0.1578471279963818,1.0,1.0
1281.0,1.0,0.15875169606512896,1.0,1.0
1282.0,1.0,0.15965626413387612,1.0,1.0
1283.0,1.0,0.1605608322026233,1.0,1.0
1284.0,1.0,0.16146540027137046,1.0,1.0
1285.0,1.0,0.16236996834011763,1.0,1.0
1286.0,1.0,0.1632745364088648,1.0,1.0
1287.0,1.0,0.16417910447761197,1.0,1.0
1288.0,1.0,0.16508367254635914,1.0,1.0
1289.0,1.0,0.1659882406151063,1.0,1.0
1290.0,1.0,0.16689280868385348,1.0,1.0
1291.0,1.0,0.16779737675260065,1.0,1.0
1292.0,1.0,0.16870194482134782,1.0,1.0
1293.0,1.0,0.16960651289009498,1.0,1.0
1294.0,1.0,0.17051108095884215,1.0,1.0
1295.0,1.0,0.17141564902758932,1.0,1.0
1296.0,1.0,0.1723202170963365,1.0,1.0
1297.0,1.0,0.17322478516508366,1.0,1.0
1298.0,1.0,0.17412935323383083,1.0,1.0
1299.0,1.0,0.175033921302578,1.0,1.0
1300.0,1.0,0.17593848937132517,1.0,1.0
1301.0,1.0,0.17684305744007234,1.0,1.0
1302.0,1.0,0.1777476255088195,1.0,1.0
1303.0,1.0,0.17865219357756668,1.0,1.0
1304.0,1.0,0.17955676164631384,1.0,1.0
1305.0,1.0,0.18046132971506101,1.0,1.0
1306.0,1.0,0.18136589778380818,1.0,1.0
1307.0,1.0,0.18227046585255535,1.0,1.0
1308.0,1.0,0.18317503392130252,1.0,1.0
1309.0,1.0,0.1840796019900497,1.0,1.0
1310.0,1.0,0.18498417005879686,1.0,1.0
1311.0,1.0,0.18588873812754403,1.0,1.0
1312.0,1.0,0.1867933061962912,1.0,1.0
1313.0,1.0,0.18769787426503837,1.0,1.0
1314.0,1.0,0.18860244233378554,1.0,1.0
1315.0,1.0,0.1895070104025327,1.0,1.0
1316.0,1.0,0.19041157847127987,1.0,1.0
1317.0,1.0,0.19131614654002704,1.0,1.0
1318.0,1.0,0.1922207146087742,1.0,1.0
1319.0,1.0,0.19312528267752138,1.0,1.0
1320.0,1.0,0.19402985074626855,1.0,1.0
1321.0,1.0,0.19493441881501594,1.0,1.0
1322.0,1.0,0.1958389868837631,1.0,1.0
1323.0,1.0,0.19674355495251028,1.0,1.0
1324.0,1.0,0.19764812302125745,1.0,1.0
1325.0,1.0,0.19855269109000462,1.0,1.0
1326.0,1.0,0.1994572591587518,1.0,1.0
1327.0,1.0,0.20036182722749896,1.0,1.0
1328.0,1.0,0.20126639529624613,1.0,1.0
1329.0,1.0,0.2021709633649933,1.0,1.0
1330.0,1.0,0.20307553143374046,1.0,1.0
1331.0,1.0,0.20398009950248763,1.0,1.0
1332.0,1.0,0.2048846675712348,1.0,1.0
1333.0,1.0,0.20578923563998197,1.0,1.0
1334.0,1.0,0.20669380370872914,1.0,1.0
1335.0,1.0,0.2075983717774763,1.0,1.0
1336.0,1.0,0.20850293984622348,1.0,1.0
1337.0,1.0,0.20940750791497065,1.0,1.0
1338.0,1.0,0.21031207598371782,1.0,1.0
1339.0,1.0,0.21121664405246499,1.0,1.0
1340.0,1.0,0.21212121212121215,1.0,1.0
1341.0,1.0,0.21302578018995932,1.0,1.0
1342.0,1.0,0.2139303482587065,1.0,1.0
1343.0,1.0,0.21483491632745366,1.0,1.0
1344.0,1.0,0.21573948439620083,1.0,1.0
1345.0,1.0,0.216644052464948,1.0,1.0
1346.0,1.0,0.21754862053369517,1.0,1.0
1347.0,1.0,0.21845318860244234,1.0,1.0
1348.0,1.0,0.2193577566711895,1.0,1.0
1349.0,1.0,0.22026232473993668,1.0,1.0
1350.0,1.0,0.22116689280868385,1.0,1.0
1351.0,1.0,0.22207146087743102,1.0,1.0
1352.0,1.0,0.22297602894617818,1.0,1.0
1353.0,1.0,0.22388059701492535,1.0,1.0
1354.0,1.0,0.22478516508367252,1.0,1.0
1355.0,1.0,0.2256897331524197,1.0,1.0
1356.0,1.0,0.22659430122116686,1.0,1.0
1357.0,1.0,0.22749886928991403,1.0,1.0
1358.0,1.0,0.2284034373586612,1.0,1.0
1359.0,1.0,0.22930800542740837,1.0,1.0
1360.0,1.0,0.23021257349615554,1.0,1.0
1361.0,1.0,0.2311171415649027,1.0,1.0
1362.0,1.0,0.23202170963364988,1.0,1.0
1363.0,1.0,0.23292627770239704,1.0,1.0
1364.0,1.0,0.2338308457711442,1.0,1.0
1365.0,1.0,0.23473541383989138,1.0,1.0
1366.0,1.0,0.23563998190863855,1.0,1.0
1367.0,1.0,0.23654454997738572,1.0,1.0
1368.0,1.0,0.2374491180461329,1.0,1.0
1369.0,1.0,0.23835368611488006,1.0,1.0
1370.0,1.0,0.23925825418362723,1.0,1.0
1371.0,1.0,0.2401628222523744,1.0,1.0
1372.0,1.0,0.24106739032112157,1.0,1.0
1373.0,1.0,0.24197195838986874,1.0,1.0
1374.0,1.0,0.2428765264586159,1.0,1.0
1375.0,1.0,0.2437810945273633,1.0,1.0
1376.0,1.0,0.24468566259611046,1.0,1.0
1377.0,1.0,0.24559023066485763,1.0,1.0
1378.0,1.0,0.2464947987336048,1.0,1.0
1379.0,1.0,0.24739936680235197,1.0,1.0
1380.0,1.0,0.24830393487109914,1.0,1.0
1381.0,1.0,0.2492085029398463,1.0,1.0
1382.0,1.0,0.2501130710085935,1.0,1.0
1383.0,1.0,0.25101763907734065,1.0,1.0
1384.0,1.0,0.2519222071460878,1.0,1.0
1385.0,1.0,0.252826775214835,1.0,1.0
1386.0,1.0,0.25373134328358216,1.0,1.0
1387.0,1.0,0.2546359113523293,1.0,1.0
1388.0,1.0,0.2555404794210765,1.0,1.0
1389.0,1.0,0.25644504748982366,1.0,1.0
1390.0,1.0,0.25734961555857083,1.0,1.0
1391.0,1.0,0.258254183627318,1.0,1.0
1392.0,1.0,0.25915875169606517,1.0,1.0
1393.0,1.0,0.26006331976481234,1.0,1.0
1394.0,1.0,0.2609678878335595,1.0,1.0
1395.0,1.0,0.2618724559023067,1.0,1.0
1396.0,1.0,0.26277702397105385,1.0,1.0
1397.0,1.0,0.263681592039801,1.0,1.0
1398.0,1.0,0.2645861601085482,1.0,1.0
1399.0,1.0,0.26549072817729535,1.0,1.0
1400.0,1.0,0.2663952962460425,1.0,1.0
1401.0,1.0,0.2672998643147897,1.0,1.0
1402.0,1.0,0.26820443238353686,1.0,1.0
1403.0,1.0,0.26910900045228403,1.0,1.0
1404.0,1.0,0.2700135685210312,1.0,1.0
1405.0,1.0,0.27091813658977837,1.0,1.0
1406.0,1.0,0.27182270465852554,1.0,1.0
1407.0,1.0,0.2727272727272727,1.0,1.0
1408.0,1.0,0.2736318407960199,1.0,1.0
1409.0,1.0,0.27453640886476705,1.0,1.0
1410.0,1.0,0.2754409769335142,1.0,1.0
1411.0,1.0,0.2763455450022614,1.0,1.0
1412.0,1.0,0.27725011307100855,1.0,1.0
1413.0,1.0,0.2781546811397557,1.0,1.0
1414.0,1.0,0.2790592492085029,1.0,1.0
1415.0,1.0,0.27996381727725006,1.0,1.0
1416.0,1.0,0.28086838534599723,1.0,1.0
1417.0,1.0,0.2817729534147444,1.0,1.0
1418.0,1.0,0.28267752148349157,1.0,1.0
1419.0,1.0,0.28358208955223874,1.0,1.0
1420.0,1.0,0.2844866576209859,1.0,1.0
1421.0,1.0,0.2853912256897331,1.0,1.0
1422.0,1.0,0.28629579375848024,1.0,1.0
1423.0,1.0,0.2872003618272274,1.0,1.0
1424.0,1.0,0.2881049298959746,1.0,1.0
1425.0,1.0,0.28900949796472175,1.0,1.0
1426.0,1.0,0.2899140660334689,1.0,1.0
1427.0,1.0,0.2908186341022161,1.0,1.0
1428.0,1.0,0.29172320217096326,1.0,1.0
1429.0,1.0,0.29262777023971065,1.0,1.0
1430.0,1.0,0.2935323383084578,1.0,1.0
1431.0,1.0,0.294436906377205,1.0,1.0
1432.0,1.0,0.29534147444595216,1.0,1.0
1433.0,1.0,0.2962460425146993,1.0,1.0
1434.0,1.0,0.2971506105834465,1.0,1.0
1435.0,1.0,0.29805517865219366,1.0,1.0
1436.0,1.0,0.29895974672094083,1.0,1.0
1437.0,1.0,0.299864314789688,1.0,1.0
1438.0,1.0,0.30076888285843517,1.0,1.0
1439.0,1.0,0.30167345092718234,1.0,1.0
1440.0,1.0,0.3025780189959295,1.0,1.0
1441.0,1.0,0.3034825870646767,1.0,1.0
1442.0,1.0,0.30438715513342385,1.0,1.0
1443.0,1.0,0.305291723202171,1.0,1.0
1444.0,1.0,0.3061962912709182,1.0,1.0
1445.0,1.0,0.30710085933966536,1.0,1.0
1446.0,1.0,0.3080054274084125,1.0,1.0
1447.0,1.0,0.3089099954771597,1.0,1.0
1448.0,1.0,0.30981456354590686,1.0,1.0
1449.0,1.0,0.31071913161465403,1.0,1.0
1450.0,1.0,0.3116236996834012,1.0,1.0
1451.0,1.0,0.31252826775214837,1.0,1.0
1452.0,1.0,0.31343283582089554,1.0,1.0
1453.0,1.0,0.3143374038896427,1.0,1.0
1454.0,1.0,0.3152419719583899,1.0,1.0
1455.0,1.0,0.31614654002713705,1.0,1.0
1456.0,1.0,0.3170511080958842,1.0,1.0
1457.0,1.0,0.3179556761646314,1.0,1.0
1458.0,1.0,0.31886024423337855,1.0,1.0
1459.0,1.0,0.3197648123021257,1.0,1.0
1460.0,1.0,0.3206693803708729,1.0,1.0
1461.0,1.0,0.32157394843962006,1.0,1.0
1462.0,1.0,0.32247851650836723,1.0,1.0
1463.0,1.0,0.3233830845771144,1.0,1.0
1464.0,1.0,0.32428765264586157,1.0,1.0
1465.0,1.0,0.32519222071460874,1.0,1.0
1466.0,1.0,0.3260967887833559,1.0,1.0
1467.0,1.0,0.3270013568521031,1.0,1.0
1468.0,1.0,0.32790592492085024,1.0,1.0
1469.0,1.0,0.3288104929895974,1.0,1.0
1470.0,1.0,0.3297150610583446,1.0,1.0
1471.0,1.0,0.33061962912709175,1.0,1.0
1472.0,1.0,0.3315241971958389,1.0,1.0
1473.0,1.0,0.3324287652645861,1.0,1.0
1474.0,1.0,0.33333333333333326,1.0,1.0
1475.0,1.0,0.33423790140208043,1.0,1.0
1476.0,1.0,0.3351424694708276,1.0,1.0
1477.0,1.0,0.33604703753957477,1.0,1.0
1478.0,1.0,0.33695160560832194,1.0,1.0
1479.0,1.0,0.3378561736770691,1.0,1.0
1480.0,1.0,0.3387607417458163,1.0,1.0
1481.0,1.0,0.33966530981456344,1.0,1.0
1482.0,1.0,0.3405698778833106,1.0,1.0
1483.0,1.0,0.341474445952058,1.0,1.0
1484.0,1.0,0.3423790140208052,1.0,1.0
1485.0,1.0,0.34328358208955234,1.0,1.0
1486.0,1.0,0.3441881501582995,1.0,1.0
1487.0,1.0,0.3450927182270467,1.0,1.0
1488.0,1.0,0.34599728629579385,1.0,1.0
1489.0,1.0,0.346901854364541,1.0,1.0
1490.0,1.0,0.3478064224332882,1.0,1.0
1491.0,1.0,0.34871099050203536,1.0,1.0
1492.0,1.0,0.3496155585707825,1.0,1.0
1493.0,1.0,0.3505201266395297,1.0,1.0
1494.0,1.0,0.35142469470827686,1.0,1.0
1495.0,1.0,0.35232926277702403,1.0,1.0
1496.0,1.0,0.3532338308457712,1.0,1.0
1497.0,1.0,0.35413839891451837,1.0,1.0
1498.0,1.0,0.35504296698326554,1.0,1.0
1499.0,1.0,0.3559475350520127,1.0,1.0
1500.0,1.0,0.3568521031207599,1.0,1.0
1501.0,1.0,0.35775667118950705,1.0,1.0
1502.0,1.0,0.3586612392582542,1.0,1.0
1503.0,1.0,0.3595658073270014,1.0,1.0
1504.0,1.0,0.36047037539574855,1.0,1.0
1505.0,1.0,0.3613749434644957,1.0,1.0
1506.0,1.0,0.3622795115332429,1.0,1.0
1507.0,1.0,0.36318407960199006,1.0,1.0
1508.0,1.0,0.36408864767073723,1.0,1.0
1509.0,1.0,0.3649932157394844,1.0,1.0
1510.0,1.0,0.36589778380823157,1.0,1.0
1511.0,1.0,0.36680235187697874,1.0,1.0
1512.0,1.0,0.3677069199457259,1.0,1.0
1513.0,1.0,0.3686114880144731,1.0,1.0
1514.0,1.0,0.36951605608322025,1.0,1.0
1515.0,1.0,0.3704206241519674,1.0,1.0
1516.0,1.0,0.3713251922207146,1.0,1.0
1517.0,1.0,0.37222976028946175,1.0,1.0
1518.0,1.0,0.3731343283582089,1.0,1.0
1519.0,1.0,0.3740388964269561,1.0,1.0
1520.0,1.0,0.37494346449570326,1.0,1.0
1521.0,1.0,0.37584803256445043,1.0,1.0
1522.0,1.0,0.3767526006331976,1.0,1.0
1523.0,1.0,0.37765716870194477,1.0,1.0
1524.0,1.0,0.37856173677069194,1.0,1.0
1525.0,1.0,0.3794663048394391,1.0,1.0
1526.0,1.0,0.3803708729081863,1.0,1.0
1527.0,1.0,0.38127544097693344,1.0,1.0
1528.0,1.0,0.3821800090456806,1.0,1.0
1529.0,1.0,0.3830845771144278,1.0,1.0
1530.0,1.0,0.38398914518317495,1.0,1.0
1531.0,1.0,0.3848937132519221,1.0,1.0
1532.0,1.0,0.3857982813206693,1.0,1.0
1533.0,1.0,0.38670284938941646,1.0,1.0
1534.0,1.0,0.38760741745816363,1.0,1.0
1535.0,1.0,0.3885119855269108,1.0,1.0
1536.0,1.0,0.38941655359565797,1.0,1.0
1537.0,1.0,0.39032112166440536,1.0,1.0
1538.0,1.0,0.3912256897331525,1.0,1.0
1539.0,1.0,0.3921302578018997,1.0,1.0
1540.0,1.0,0.39303482587064686,1.0,1.0
1541.0,1.0,0.39393939393939403,1.0,1.0
1542.0,1.0,0.3948439620081412,1.0,1.0
1543.0,1.0,0.39574853007688837,1.0,1.0
1544.0,1.0,0.39665309814563554,1.0,1.0
1545.0,1.0,0.3975576662143827,1.0,1.0
1546.0,1.0,0.3984622342831299,1.0,1.0
1547.0,1.0,0.39936680235187705,1.0,1.0
1548.0,1.0,0.4002713704206242,1.0,1.0
1549.0,1.0,0.4011759384893714,1.0,1.0
1550.0,1.0,0.40208050655811856,1.0,1.0
1551.0,1.0,0.4029850746268657,1.0,1.0
1552.0,1.0,0.4038896426956129,1.0,1.0
1553.0,1.0,0.40479421076436006,1.0,1.0
1554.0,1.0,0.40569877883310723,1.0,1.0
1555.0,1.0,0.4066033469018544,1.0,1.0
1556.0,1.0,0.40750791497060157,1.0,1.0
1557.0,1.0,0.40841248303934874,1.0,1.0
1558.0,1.0,0.4093170511080959,1.0,1.0
1559.0,1.0,0.4102216191768431,1.0,1.0
1560.0,1.0,0.41112618724559025,1.0,1.0
1561.0,1.0,0.4120307553143374,1.0,1.0
1562.0,1.0,0.4129353233830846,1.0,1.0
1563.0,1.0,0.41383989145183175,1.0,1.0
1564.0,1.0,0.4147444595205789,1.0,1.0
1565.0,1.0,0.4156490275893261,1.0,1.0
1566.0,1.0,0.41655359565807326,1.0,1.0
1567.0,1.0,0.41745816372682043,1.0,1.0
1568.0,1.0,0.4183627317955676,1.0,1.0
1569.0,1.0,0.41926729986431477,1.0,1.0
1570.0,1.0,0.42017186793306194,1.0,1.0
1571.0,1.0,0.4210764360018091,1.0,1.0
1572.0,1.0,0.4219810040705563,1.0,1.0
1573.0,1.0,0.42288557213930345,1.0,1.0
1574.0,1.0,0.4237901402080506,1.0,1.0
1575.0,1.0,0.4246947082767978,1.0,1.0
1576.0,1.0,0.42559927634554495,1.0,1.0
1577.0,1.0,0.4265038444142921,1.0,1.0
1578.0,1.0,0.4274084124830393,1.0,1.0
1579.0,1.0,0.42831298055178646,1.0,1.0
1580.0,1.0,0.42921754862053363,1.0,1.0
1581.0,1.0,0.4301221166892808,1.0,1.0
1582.0,1.0,0.43102668475802797,1.0,1.0
1583.0,1.0,0.43193125282677514,1.0,1.0
1584.0,1.0,0.4328358208955223,1.0,1.0
1585.0,1.0,0.4337403889642695,1.0,1.0
1586.0,1.0,0.43464495703301664,1.0,1.0
1587.0,1.0,0.4355495251017638,1.0,1.0
1588.0,1.0,0.436454093170511,1.0,1.0
1589.0,1.0,0.43735866123925815,1.0,1.0
1590.0,1.0,0.43826322930800554,1.0,1.0
1591.0,1.0,0.4391677973767527,1.0,1.0
1592.0,1.0,0.4400723654454999,1.0,1.0
1593.0,1.0,0.44097693351424705,1.0,1.0
1594.0,1.0,0.4418815015829942,1.0,1.0
1595.0,1.0,0.4427860696517414,1.0,1.0
1596.0,1.0,0.44369063772048856,1.0,1.0
1597.0,1.0,0.4445952057892357,1.0,1.0
1598.0,1.0,0.4454997738579829,1.0,1.0
1599.0,1.0,0.44640434192673006,1.0,1.0
1600.0,1.0,0.44730890999547723,1.0,1.0
1601.0,1.0,0.4482134780642244,1.0,1.0
1602.0,1.0,0.44911804613297157,1.0,1.0
1603.0,1.0,0.45002261420171874,1.0,1.0
1604.0,1.0,0.4509271822704659,1.0,1.0
1605.0,1.0,0.4518317503392131,1.0,1.0
1606.0,1.0,0.45273631840796025,1.0,1.0
1607.0,1.0,0.4536408864767074,1.0,1.0
1608.0,1.0,0.4545454545454546,1.0,1.0
1609.0,1.0,0.45545002261420175,1.0,1.0
1610.0,1.0,0.4563545906829489,1.0,1.0
1611.0,1.0,0.4572591587516961,1.0,1.0
1612.0,1.0,0.45816372682044326,1.0,1.0
1613.0,1.0,0.45906829488919043,1.0,1.0
1614.0,1.0,0.4599728629579376,1.0,1.0
1615.0,1.0,0.46087743102668477,1.0,1.0
1616.0,1.0,0.46178199909543194,1.0,1.0
1617.0,1.0,0.4626865671641791,1.0,1.0
1618.0,1.0,0.4635911352329263,1.0,1.0
1619.0,1.0,0.46449570330167345,1.0,1.0
1620.0,1.0,0.4654002713704206,1.0,1.0
1621.0,1.0,0.4663048394391678,1.0,1.0
1622.0,1.0,0.46720940750791495,1.0,1.0
1623.0,1.0,0.4681139755766621,1.0,1.0
1624.0,1.0,0.4690185436454093,1.0,1.0
1625.0,1.0,0.46992311171415646,1.0,1.0
1626.0,1.0,0.47082767978290363,1.0,1.0
1627.0,1.0,0.4717322478516508,1.0,1.0
1628.0,1.0,0.47263681592039797,1.0,1.0
1629.0,1.0,0.47354138398914514,1.0,1.0
1630.0,1.0,0.4744459520578923,1.0,1.0
1631.0,1.0,0.4753505201266395,1.0,1.0
1632.0,1.0,0.47625508819538664,1.0,1.0
1633.0,1.0,0.4771596562641338,1.0,1.0
1634.0,1.0,0.478064224332881,1.0,1.0
1635.0,1.0,0.47896879240162815,1.0,1.0
1636.0,1.0,0.4798733604703753,1.0,1.0
1637.0,1.0,0.4807779285391225,1.0,1.0
1638.0,1.0,0.48168249660786966,1.0,1.0
1639.0,1.0,0.48258706467661683,1.0,1.0
1640.0,1.0,0.483491632745364,1.0,1.0
1641.0,1.0,0.48439620081411117,1.0,1.0
1642.0,1.0,0.48530076888285834,1.0,1.0
1643.0,1.0,0.4862053369516055,1.0,1.0
1644.0,1.0,0.4871099050203529,1.0,1.0
1645.0,1.0,0.48801447308910006,1.0,1.0
1646.0,1.0,0.48891904115784723,1.0,1.0
1647.0,1.0,0.4898236092265944,1.0,1.0
1648.0,1.0,0.49072817729534157,1.0,1.0
1649.0,1.0,0.49163274536408874,1.0,1.0
1650.0,1.0,0.4925373134328359,1.0,1.0
1651.0,1.0,0.4934418815015831,1.0,1.0
1652.0,1.0,0.49434644957033025,1.0,1.0
1653.0,1.0,0.4952510176390774,1.0,1.0
1654.0,1.0,0.4961555857078246,1.0,1.0
1655.0,1.0,0.49706015377657176,1.0,1.0
1656.0,1.0,0.4979647218453189,1.0,1.0
1657.0,1.0,0.4988692899140661,1.0,1.0
1658.0,1.0,0.49977385798281326,1.0,1.0
1659.0,1.0,0.5006784260515604,1.0,1.0
1660.0,1.0,0.5015829941203076,1.0,1.0
1661.0,1.0,0.5024875621890548,1.0,1.0
1662.0,1.0,0.5033921302578019,1.0,1.0
1663.0,1.0,0.5042966983265491,1.0,1.0
1664.0,1.0,0.5052012663952963,1.0,1.0
1665.0,1.0,0.5061058344640434,1.0,1.0
1666.0,1.0,0.5070104025327906,1.0,1.0
1667.0,1.0,0.5079149706015378,1.0,1.0
1668.0,1.0,0.508819538670285,1.0,1.0
1669.0,1.0,0.5097241067390321,1.0,1.0
1670.0,1.0,0.5106286748077793,1.0,1.0
1671.0,1.0,0.5115332428765265,1.0,1.0
1672.0,1.0,0.5124378109452736,1.0,1.0
1673.0,1.0,0.5133423790140208,1.0,1.0
1674.0,1.0,0.514246947082768,1.0,1.0
1675.0,1.0,0.5151515151515151,1.0,1.0
1676.0,1.0,0.5160560832202623,1.0,1.0
1677.0,1.0,0.5169606512890095,1.0,1.0
1678.0,1.0,0.5178652193577566,1.0,1.0
1679.0,1.0,0.5187697874265038,1.0,1.0
1680.0,1.0,0.519674355495251,1.0,1.0
1681.0,1.0,0.5205789235639982,1.0,1.0
1682.0,1.0,0.5214834916327453,1.0,1.0
1683.0,1.0,0.5223880597014925,1.0,1.0
1684.0,1.0,0.5232926277702397,1.0,1.0
1685.0,1.0,0.5241971958389868,1.0,1.0
1686.0,1.0,0.525101763907734,1.0,1.0
1687.0,1.0,0.5260063319764812,1.0,1.0
1688.0,1.0,0.5269109000452283,1.0,1.0
1689.0,1.0,0.5278154681139755,1.0,1.0
1690.0,1.0,0.5287200361827227,1.0,1.0
1691.0,1.0,0.5296246042514698,1.0,1.0
1692.0,1.0,0.530529172320217,1.0,1.0
1693.0,1.0,0.5314337403889642,1.0,1.0
1694.0,1.0,0.5323383084577114,1.0,1.0
1695.0,1.0,0.5332428765264585,1.0,1.0
1696.0,1.0,0.5341474445952057,1.0,1.0
1697.0,1.0,0.5350520126639529,1.0,1.0
1698.0,1.0,0.5359565807327002,1.0,1.0
1699.0,1.0,0.5368611488014474,1.0,1.0
1700.0,1.0,0.5377657168701946,1.0,1.0
1701.0,1.0,0.5386702849389418,1.0,1.0
1702.0,1.0,0.5395748530076889,1.0,1.0
1703.0,1.0,0.5404794210764361,1.0,1.0
1704.0,1.0,0.5413839891451833,1.0,1.0
1705.0,1.0,0.5422885572139304,1.0,1.0
1706.0,1.0,0.5431931252826776,1.0,1.0
1707.0,1.0,0.5440976933514248,1.0,1.0
1708.0,1.0,0.5450022614201719,1.0,1.0
1709.0,1.0,0.5459068294889191,1.0,1.0
1710.0,1.0,0.5468113975576663,1.0,1.0
1711.0,1.0,0.5477159656264134,1.0,1.0
1712.0,1.0,0.5486205336951606,1.0,1.0
1713.0,1.0,0.5495251017639078,1.0,1.0
1714.0,1.0,0.550429669832655,1.0,1.0
1715.0,1.0,0.5513342379014021,1.0,1.0
1716.0,1.0,0.5522388059701493,1.0,1.0
1717.0,1.0,0.5531433740388965,1.0,1.0
1718.0,1.0,0.5540479421076436,1.0,1.0
1719.0,1.0,0.5549525101763908,1.0,1.0
1720.0,1.0,0.555857078245138,1.0,1.0
1721.0,1.0,0.5567616463138851,1.0,1.0
1722.0,1.0,0.5576662143826323,1.0,1.0
1723.0,1.0,0.5585707824513795,1.0,1.0
1724.0,1.0,0.5594753505201266,1.0,1.0
1725.0,1.0,0.5603799185888738,1.0,1.0
1726.0,1.0,0.561284486657621,1.0,1.0
1727.0,1.0,0.5621890547263682,1.0,1.0
1728.0,1.0,0.5630936227951153,1.0,1.0
1729.0,1.0,0.5639981908638625,1.0,1.0
1730.0,1.0,0.5649027589326097,1.0,1.0
1731.0,1.0,0.5658073270013568,1.0,1.0
1732.0,1.0,0.566711895070104,1.0,1.0
1733.0,1.0,0.5676164631388512,1.0,1.0
1734.0,1.0,0.5685210312075983,1.0,1.0
1735.0,1.0,0.5694255992763455,1.0,1.0
1736.0,1.0,0.5703301673450927,1.0,1.0
1737.0,1.0,0.5712347354138398,1.0,1.0
1738.0,1.0,0.572139303482587,1.0,1.0
1739.0,1.0,0.5730438715513342,1.0,1.0
1740.0,1.0,0.5739484396200814,1.0,1.0
1741.0,1.0,0.5748530076888285,1.0,1.0
1742.0,1.0,0.5757575757575757,1.0,1.0
1743.0,1.0,0.5766621438263229,1.0,1.0
1744.0,1.0,0.57756671189507,1.0,1.0
1745.0,1.0,0.5784712799638172,1.0,1.0
1746.0,1.0,0.5793758480325644,1.0,1.0
1747.0,1.0,0.5802804161013115,1.0,1.0
1748.0,1.0,0.5811849841700587,1.0,1.0
1749.0,1.0,0.5820895522388059,1.0,1.0
1750.0,1.0,0.582994120307553,1.0,1.0
1751.0,1.0,0.5838986883763002,1.0,1.0
1752.0,1.0,0.5848032564450476,1.0,1.0
1753.0,1.0,0.5857078245137948,1.0,1.0
1754.0,1.0,0.5866123925825419,1.0,1.0
1755.0,1.0,0.5875169606512891,1.0,1.0
1756.0,1.0,0.5884215287200363,1.0,1.0
1757.0,1.0,0.5893260967887834,1.0,1.0
1758.0,1.0,0.5902306648575306,1.0,1.0
1759.0,1.0,0.5911352329262778,1.0,1.0
1760.0,1.0,0.592039800995025,1.0,1.0
1761.0,1.0,0.5929443690637721,1.0,1.0
1762.0,1.0,0.5938489371325193,1.0,1.0
1763.0,1.0,0.5947535052012665,1.0,1.0
1764.0,1.0,0.5956580732700136,1.0,1.0
1765.0,1.0,0.5965626413387608,1.0,1.0
1766.0,1.0,0.597467209407508,1.0,1.0
1767.0,1.0,0.5983717774762551,1.0,1.0
1768.0,1.0,0.5992763455450023,1.0,1.0
1769.0,1.0,0.6001809136137495,1.0,1.0
1770.0,1.0,0.6010854816824966,1.0,1.0
1771.0,1.0,0.6019900497512438,1.0,1.0
1772.0,1.0,0.602894617819991,1.0,1.0
1773.0,1.0,0.6037991858887382,1.0,1.0
1774.0,1.0,0.6047037539574853,1.0,1.0
1775.0,1.0,0.6056083220262325,1.0,1.0
1776.0,1.0,0.6065128900949797,1.0,1.0
1777.0,1.0,0.6074174581637268,1.0,1.0
1778.0,1.0,0.608322026232474,1.0,1.0
1779.0,1.0,0.6092265943012212,1.0,1.0
1780.0,1.0,0.6101311623699683,1.0,1.0
1781.0,1.0,0.6110357304387155,1.0,1.0
1782.0,1.0,0.6119402985074627,1.0,1.0
1783.0,1.0,0.6128448665762098,1.0,1.0
1784.0,1.0,0.613749434644957,1.0,1.0
1785.0,1.0,0.6146540027137042,1.0,1.0
1786.0,1.0,0.6155585707824514,1.0,1.0
1787.0,1.0,0.6164631388511985,1.0,1.0
1788.0,1.0,0.6173677069199457,1.0,1.0
1789.0,1.0,0.6182722749886929,1.0,1.0
1790.0,1.0,0.61917684305744,1.0,1.0
1791.0,1.0,0.6200814111261872,1.0,1.0
1792.0,1.0,0.6209859791949344,1.0,1.0
1793.0,1.0,0.6218905472636815,1.0,1.0
1794.0,1.0,0.6227951153324287,1.0,1.0
1795.0,1.0,0.6236996834011759,1.0,1.0
1796.0,1.0,0.624604251469923,1.0,1.0
1797.0,1.0,0.6255088195386702,1.0,1.0
1798.0,1.0,0.6264133876074174,1.0,1.0
1799.0,1.0,0.6273179556761646,1.0,1.0
1800.0,1.0,0.6282225237449117,1.0,1.0
1801.0,1.0,0.6291270918136589,1.0,1.0
1802.0,1.0,0.6300316598824061,1.0,1.0
1803.0,1.0,0.6309362279511532,1.0,1.0
1804.0,1.0,0.6318407960199004,1.0,1.0
1805.0,1.0,0.6327453640886476,1.0,1.0
1806.0,1.0,0.633649932157395,1.0,1.0
1807.0,1.0,0.6345545002261421,1.0,1.0
1808.0,1.0,0.6354590682948893,1.0,1.0
1809.0,1.0,0.6363636363636365,1.0,1.0
1810.0,1.0,0.6372682044323836,1.0,1.0
1811.0,1.0,0.6381727725011308,1.0,1.0
1812.0,1.0,0.639077340569878,1.0,1.0
1813.0,1.0,0.6399819086386251,1.0,1.0
1814.0,1.0,0.6408864767073723,1.0,1.0
1815.0,1.0,0.6417910447761195,1.0,1.0
1816.0,1.0,0.6426956128448666,1.0,1.0
1817.0,1.0,0.6436001809136138,1.0,1.0
1818.0,1.0,0.644504748982361,1.0,1.0
1819.0,1.0,0.6454093170511082,1.0,1.0
1820.0,1.0,0.6463138851198553,1.0,1.0
1821.0,1.0,0.6472184531886025,1.0,1.0
1822.0,1.0,0.6481230212573497,1.0,1.0
1823.0,1.0,0.6490275893260968,1.0,1.0
1824.0,1.0,0.649932157394844,1.0,1.0
1825.0,1.0,0.6508367254635912,1.0,1.0
1826.0,1.0,0.6517412935323383,1.0,1.0
1827.0,1.0,0.6526458616010855,1.0,1.0
1828.0,1.0,0.6535504296698327,1.0,1.0
1829.0,1.0,0.6544549977385798,1.0,1.0
1830.0,1.0,0.655359565807327,1.0,1.0
1831.0,1.0,0.6562641338760742,1.0,1.0
1832.0,1.0,0.6571687019448214,1.0,1.0
1833.0,1.0,0.6580732700135685,1.0,1.0
1834.0,1.0,0.6589778380823157,1.0,1.0
1835.0,1.0,0.6598824061510629,1.0,1.0
1836.0,1.0,0.66078697421981,1.0,1.0
1837.0,1.0,0.6616915422885572,1.0,1.0
1838.0,1.0,0.6625961103573044,1.0,1.0
1839.0,1.0,0.6635006784260515,1.0,1.0
1840.0,1.0,0.6644052464947987,1.0,1.0
1841.0,1.0,0.6653098145635459,1.0,1.0
1842.0,1.0,0.666214382632293,1.0,1.0
1843.0,1.0,0.6671189507010402,1.0,1.0
1844.0,1.0,0.6680235187697874,1.0,1.0
1845.0,1.0,0.6689280868385346,1.0,1.0
1846.0,1.0,0.6698326549072817,1.0,1.0
1847.0,1.0,0.6707372229760289,1.0,1.0
1848.0,1.0,0.6716417910447761,1.0,1.0
1849.0,1.0,0.6725463591135232,1.0,1.0
1850.0,1.0,0.6734509271822704,1.0,1.0
1851.0,1.0,0.6743554952510176,1.0,1.0
1852.0,1.0,0.6752600633197647,1.0,1.0
1853.0,1.0,0.6761646313885119,1.0,1.0
1854.0,1.0,0.6770691994572591,1.0,1.0
1855.0,1.0,0.6779737675260062,1.0,1.0
1856.0,1.0,0.6788783355947534,1.0,1.0
1857.0,1.0,0.6797829036635006,1.0,1.0
1858.0,1.0,0.6806874717322478,1.0,1.0
1859.0,1.0,0.6815920398009949,1.0,1.0
1860.0,1.0,0.6824966078697423,1.0,1.0
1861.0,1.0,0.6834011759384895,1.0,1.0
1862.0,1.0,0.6843057440072366,1.0,1.0
1863.0,1.0,0.6852103120759838,1.0,1.0
1864.0,1.0,0.686114880144731,1.0,1.0
1865.0,1.0,0.6870194482134782,1.0,1.0
1866.0,1.0,0.6879240162822253,1.0,1.0
1867.0,1.0,0.6888285843509725,1.0,1.0
1868.0,1.0,0.6897331524197197,1.0,1.0
1869.0,1.0,0.6906377204884668,1.0,1.0
1870.0,1.0,0.691542288557214,1.0,1.0
1871.0,1.0,0.6924468566259612,1.0,1.0
1872.0,1.0,0.6933514246947083,1.0,1.0
1873.0,1.0,0.6942559927634555,1.0,1.0
1874.0,1.0,0.6951605608322027,1.0,1.0
1875.0,1.0,0.6960651289009498,1.0,1.0
1876.0,1.0,0.696969696969697,1.0,1.0
1877.0,1.0,0.6978742650384442,1.0,1.0
1878.0,1.0,0.6987788331071914,1.0,1.0
1879.0,1.0,0.6996834011759385,1.0,1.0
1880.0,1.0,0.7005879692446857,1.0,1.0
1881.0,1.0,0.7014925373134329,1.0,1.0
1882.0,1.0,0.70239710538218,1.0,1.0
1883.0,1.0,0.7033016734509272,1.0,1.0
1884.0,1.0,0.7042062415196744,1.0,1.0
1885.0,1.0,0.7051108095884215,1.0,1.0
1886.0,1.0,0.7060153776571687,1.0,1.0
1887.0,1.0,0.7069199457259159,1.0,1.0
1888.0,1.0,0.707824513794663,1.0,1.0
1889.0,1.0,0.7087290818634102,1.0,1.0
1890.0,1.0,0.7096336499321574,1.0,1.0
1891.0,1.0,0.7105382180009046,1.0,1.0
1892.0,1.0,0.7114427860696517,1.0,1.0
1893.0,1.0,0.7123473541383989,1.0,1.0
1894.0,1.0,0.7132519222071461,1.0,1.0
1895.0,1.0,0.7141564902758932,1.0,1.0
1896.0,1.0,0.7150610583446404,1.0,1.0
1897.0,1.0,0.7159656264133876,1.0,1.0
1898.0,1.0,0.7168701944821347,1.0,1.0
1899.0,1.0,0.7177747625508819,1.0,1.0
1900.0,1.0,0.7186793306196291,1.0,1.0
1901.0,1.0,0.7195838986883762,1.0,1.0
1902.0,1.0,0.7204884667571234,1.0,1.0
1903.0,1.0,0.7213930348258706,1.0,1.0
1904.0,1.0,0.7222976028946178,1.0,1.0
1905.0,1.0,0.7232021709633649,1.0,1.0
1906.0,1.0,0.7241067390321121,1.0,1.0
1907.0,1.0,0.7250113071008593,1.0,1.0
1908.0,1.0,0.7259158751696064,1.0,1.0
1909.0,1.0,0.7268204432383536,1.0,1.0
1910.0,1.0,0.7277250113071008,1.0,1.0
1911.0,1.0,0.7286295793758479,1.0,1.0
1912.0,1.0,0.7295341474445951,1.0,1.0
1913.0,1.0,0.7304387155133423,1.0,1.0
1914.0,1.0,0.7313432835820897,1.0,1.0
1915.0,1.0,0.7322478516508368,1.0,1.0
1916.0,1.0,0.733152419719584,1.0,1.0
1917.0,1.0,0.7340569877883312,1.0,1.0
1918.0,1.0,0.7349615558570783,1.0,1.0
1919.0,1.0,0.7358661239258255,1.0,1.0
1920.0,1.0,0.7367706919945727,1.0,1.0
1921.0,1.0,0.7376752600633198,1.0,1.0
1922.0,1.0,0.738579828132067,1.0,1.0
1923.0,1.0,0.7394843962008142,1.0,1.0
1924.0,1.0,0.7403889642695614,1.0,1.0
1925.0,1.0,0.7412935323383085,1.0,1.0
1926.0,1.0,0.7421981004070557,1.0,1.0
1927.0,1.0,0.7431026684758029,1.0,1.0
1928.0,1.0,0.74400723654455,1.0,1.0
1929.0,1.0,0.7449118046132972,1.0,1.0
1930.0,1.0,0.7458163726820444,1.0,1.0
1931.0,1.0,0.7467209407507915,1.0,1.0
1932.0,1.0,0.7476255088195387,1.0,1.0
1933.0,1.0,0.7485300768882859,1.0,1.0
1934.0,1.0,0.749434644957033,1.0,1.0
1935.0,1.0,0.7503392130257802,1.0,1.0
1936.0,1.0,0.7512437810945274,1.0,1.0
1937.0,1.0,0.7521483491632746,1.0,1.0
1938.0,1.0,0.7530529172320217,1.0,1.0
1939.0,1.0,0.7539574853007689,1.0,1.0
1940.0,1.0,0.7548620533695161,1.0,1.0
1941.0,1.0,0.7557666214382632,1.0,1.0
1942.0,1.0,0.7566711895070104,1.0,1.0
1943.0,1.0,0.7575757575757576,1.0,1.0
1944.0,1.0,0.7584803256445047,1.0,1.0
1945.0,1.0,0.7593848937132519,1.0,1.0
1946.0,1.0,0.7602894617819991,1.0,1.0
1947.0,1.0,0.7611940298507462,1.0,1.0
1948.0,1.0,0.7620985979194934,1.0,1.0
1949.0,1.0,0.7630031659882406,1.0,1.0
1950.0,1.0,0.7639077340569878,1.0,1.0
1951.0,1.0,0.7648123021257349,1.0,1.0
1952.0,1.0,0.7657168701944821,1.0,1.0
1953.0,1.0,0.7666214382632293,1.0,1.0
1954.0,1.0,0.7675260063319764,1.0,1.0
1955.0,1.0,0.7684305744007236,1.0,1.0
1956.0,1.0,0.7693351424694708,1.0,1.0
1957.0,1.0,0.7702397105382179,1.0,1.0
1958.0,1.0,0.7711442786069651,1.0,1.0
1959.0,1.0,0.7720488466757123,1.0,1.0
1960.0,1.0,0.7729534147444594,1.0,1.0
1961.0,1.0,0.7738579828132066,1.0,1.0
1962.0,1.0,0.7747625508819538,1.0,1.0
1963.0,1.0,0.775667118950701,1.0,1.0
1964.0,1.0,0.7765716870194481,1.0,1.0
1965.0,1.0,0.7774762550881953,1.0,1.0
1966.0,1.0,0.7783808231569425,1.0,1.0
1967.0,1.0,0.7792853912256896,1.0,1.0
1968.0,1.0,0.780189959294437,1.0,1.0
1969.0,1.0,0.7810945273631842,1.0,1.0
1970.0,1.0,0.7819990954319314,1.0,1.0
1971.0,1.0,0.7829036635006785,1.0,1.0
1972.0,1.0,0.7838082315694257,1.0,1.0
1973.0,1.0,0.7847127996381729,1.0,1.0
1974.0,1.0,0.78561736770692,1.0,1.0
1975.0,1.0,0.7865219357756672,1.0,1.0
1976.0,1.0,0.7874265038444144,1.0,1.0
1977.0,1.0,0.7883310719131615,1.0,1.0
1978.0,1.0,0.7892356399819087,1.0,1.0
1979.0,1.0,0.7901402080506559,1.0,1.0
1980.0,1.0,0.791044776119403,1.0,1.0
1981.0,1.0,0.7919493441881502,1.0,1.0
1982.0,1.0,0.7928539122568974,1.0,1.0
1983.0,1.0,0.7937584803256446,1.0,1.0
1984.0,1.0,0.7946630483943917,1.0,1.0
1985.0,1.0,0.7955676164631389,1.0,1.0
1986.0,1.0,0.7964721845318861,1.0,1.0
1987.0,1.0,0.7973767526006332,1.0,1.0
1988.0,1.0,0.7982813206693804,1.0,1.0
1989.0,1.0,0.7991858887381276,1.0,1.0
1990.0,1.0,0.8000904568068747,1.0,1.0
1991.0,1.0,0.8009950248756219,1.0,1.0
1992.0,1.0,0.8018995929443691,1.0,1.0
1993.0,1.0,0.8028041610131162,1.0,1.0
1994.0,1.0,0.8037087290818634,1.0,1.0
1995.0,1.0,0.8046132971506106,1.0,1.0
1996.0,1.0,0.8055178652193578,1.0,1.0
1997.0,1.0,0.8064224332881049,1.0,1.0
1998.0,1.0,0.8073270013568521,1.0,1.0
1999.0,1.0,0.8082315694255993,1.0,1.0
2000.0,1.0,0.8091361374943464,1.0,1.0
2001.0,1.0,0.8100407055630936,1.0,1.0
2002.0,1.0,0.8109452736318408,1.0,1.0
2003.0,1.0,0.8118498417005879,1.0,1.0
2004.0,1.0,0.8127544097693351,1.0,1.0
2005.0,1.0,0.8136589778380823,1.0,1.0
2006.0,1.0,0.8145635459068294,1.0,1.0
2007.0,1.0,0.8154681139755766,1.0,1.0
2008.0,1.0,0.8163726820443238,1.0,1.0
2009.0,1.0,0.817277250113071,1.0,1.0
2010.0,1.0,0.8181818181818181,1.0,1.0
2011.0,1.0,0.8190863862505653,1.0,1.0
2012.0,1.0,0.8199909543193125,1.0,1.0
2013.0,1.0,0.8208955223880596,1.0,1.0
2014.0,1.0,0.8218000904568068,1.0,1.0
2015.0,1.0,0.822704658525554,1.0,1.0
2016.0,1.0,0.8236092265943011,1.0,1.0
2017.0,1.0,0.8245137946630483,1.0,1.0
2018.0,1.0,0.8254183627317955,1.0,1.0
2019.0,1.0,0.8263229308005426,1.0,1.0
2020.0,1.0,0.8272274988692898,1.0,1.0
2021.0,1.0,0.828132066938037,1.0,1.0
2022.0,1.0,0.8290366350067844,1.0,1.0
2023.0,1.0,0.8299412030755315,1.0,1.0
2024.0,1.0,0.8308457711442787,1.0,1.0
2025.0,1.0,0.8317503392130259,1.0,1.0
2026.0,1.0,0.832654907281773,1.0,1.0
2027.0,1.0,0.8335594753505202,1.0,1.0
2028.0,1.0,0.8344640434192674,1.0,1.0
2029.0,1.0,0.8353686114880146,1.0,1.0
2030.0,1.0,0.8362731795567617,1.0,1.0
2031.0,1.0,0.8371777476255089,1.0,1.0
2032.0,1.0,0.8380823156942561,1.0,1.0
2033.0,1.0,0.8389868837630032,1.0,1.0
2034.0,1.0,0.8398914518317504,1.0,1.0
2035.0,1.0,0.8407960199004976,1.0,1.0
2036.0,1.0,0.8417005879692447,1.0,1.0
2037.0,1.0,0.8426051560379919,1.0,1.0
2038.0,1.0,0.8435097241067391,1.0,1.0
2039.0,1.0,0.8444142921754862,1.0,1.0
2040.0,1.0,0.8453188602442334,1.0,1.0
2041.0,1.0,0.8462234283129806,1.0,1.0
2042.0,1.0,0.8471279963817278,1.0,1.0
2043.0,1.0,0.8480325644504749,1.0,1.0
2044.0,1.0,0.8489371325192221,1.0,1.0
2045.0,1.0,0.8498417005879693,1.0,1.0
2046.0,1.0,0.8507462686567164,1.0,1.0
2047.0,1.0,0.8516508367254636,1.0,1.0
2048.0,1.0,0.8525554047942108,1.0,1.0
2049.0,1.0,0.8534599728629579,1.0,1.0
2050.0,1.0,0.8543645409317051,1.0,1.0
2051.0,1.0,0.8552691090004523,1.0,1.0
2052.0,1.0,0.8561736770691994,1.0,1.0
2053.0,1.0,0.8570782451379466,1.0,1.0
2054.0,1.0,0.8579828132066938,1.0,1.0
2055.0,1.0,0.858887381275441,1.0,1.0
2056.0,1.0,0.8597919493441881,1.0,1.0
2057.0,1.0,0.8606965174129353,1.0,1.0
2058.0,1.0,0.8616010854816825,1.0,1.0
2059.0,1.0,0.8625056535504296,1.0,1.0
2060.0,1.0,0.8634102216191768,1.0,1.0
2061.0,1.0,0.864314789687924,1.0,1.0
2062.0,1.0,0.8652193577566711,1.0,1.0
2063.0,1.0,0.8661239258254183,1.0,1.0
2064.0,1.0,0.8670284938941655,1.0,1.0
2065.0,1.0,0.8679330619629126,1.0,1.0
2066.0,1.0,0.8688376300316598,1.0,1.0
2067.0,1.0,0.869742198100407,1.0,1.0
2068.0,1.0,0.8706467661691542,1.0,1.0
2069.0,1.0,0.8715513342379013,1.0,1.0
2070.0,1.0,0.8724559023066485,1.0,1.0
2071.0,1.0,0.8733604703753957,1.0,1.0
2072.0,1.0,0.8742650384441428,1.0,1.0
2073.0,1.0,0.87516960651289,1.0,1.0
2074.0,1.0,0.8760741745816372,1.0,1.0
2075.0,1.0,0.8769787426503846,1.0,1.0
2076.0,1.0,0.8778833107191317,1.0,1.0
2077.0,1.0,0.8787878787878789,1.0,1.0
2078.0,1.0,0.8796924468566261,1.0,1.0
2079.0,1.0,0.8805970149253732,1.0,1.0
2080.0,1.0,0.8815015829941204,1.0,1.0
2081.0,1.0,0.8824061510628676,1.0,1.0
2082.0,1.0,0.8833107191316147,1.0,1.0
2083.0,1.0,0.8842152872003619,1.0,1.0
2084.0,1.0,0.8851198552691091,1.0,1.0
2085.0,1.0,0.8860244233378562,1.0,1.0
2086.0,1.0,0.8869289914066034,1.0,1.0
2087.0,1.0,0.8878335594753506,1.0,1.0
2088.0,1.0,0.8887381275440978,1.0,1.0
2089.0,1.0,0.8896426956128449,1.0,1.0
2090.0,1.0,0.8905472636815921,1.0,1.0
2091.0,1.0,0.8914518317503393,1.0,1.0
2092.0,1.0,0.8923563998190864,1.0,1.0
2093.0,1.0,0.8932609678878336,1.0,1.0
2094.0,1.0,0.8941655359565808,1.0,1.0
2095.0,1.0,0.8950701040253279,1.0,1.0
2096.0,1.0,0.8959746720940751,1.0,1.0
2097.0,1.0,0.8968792401628223,1.0,1.0
2098.0,1.0,0.8977838082315694,1.0,1.0
2099.0,1.0,0.8986883763003166,1.0,1.0
2100.0,1.0,0.8995929443690638,1.0,1.0
2101.0,1.0,0.900497512437811,1.0,1.0
2102.0,1.0,0.9014020805065581,1.0,1.0
2103.0,1.0,0.9023066485753053,1.0,1.0
2104.0,1.0,0.9032112166440525,1.0,1.0
2105.0,1.0,0.9041157847127996,1.0,1.0
2106.0,1.0,0.9050203527815468,1.0,1.0
2107.0,1.0,0.905924920850294,1.0,1.0
2108.0,1.0,0.9068294889190411,1.0,1.0
2109.0,1.0,0.9077340569877883,1.0,1.0
2110.0,1.0,0.9086386250565355,1.0,1.0
2111.0,1.0,0.9095431931252826,1.0,1.0
2112.0,1.0,0.9104477611940298,1.0,1.0
2113.0,1.0,0.911352329262777,1.0,1.0
2114.0,1.0,0.9122568973315242,1.0,1.0
2115.0,1.0,0.9131614654002713,1.0,1.0
2116.0,1.0,0.9140660334690185,1.0,1.0
2117.0,1.0,0.9149706015377657,1.0,1.0
2118.0,1.0,0.9158751696065128,1.0,1.0
2119.0,1.0,0.91677973767526,1.0,1.0
2120.0,1.0,0.9176843057440072,1.0,1.0
2121.0,1.0,0.9185888738127543,1.0,1.0
2122.0,1.0,0.9194934418815015,1.0,1.0
2123.0,1.0,0.9203980099502487,1.0,1.0
2124.0,1.0,0.9213025780189958,1.0,1.0
2125.0,1.0,0.922207146087743,1.0,1.0
2126.0,1.0,0.9231117141564902,1.0,1.0
2127.0,1.0,0.9240162822252374,1.0,1.0
2128.0,1.0,0.9249208502939845,1.0,1.0
2129.0,1.0,0.9258254183627319,1.0,1.0
2130.0,1.0,0.9267299864314791,1.0,1.0
2131.0,1.0,0.9276345545002262,1.0,1.0
2132.0,1.0,0.9285391225689734,1.0,1.0
2133.0,1.0,0.9294436906377206,1.0,1.0
2134.0,1.0,0.9303482587064678,1.0,1.0
2135.0,1.0,0.9312528267752149,1.0,1.0
2136.0,1.0,0.9321573948439621,1.0,1.0
2137.0,1.0,0.9330619629127093,1.0,1.0
2138.0,1.0,0.9339665309814564,1.0,1.0
2139.0,1.0,0.9348710990502036,1.0,1.0
2140.0,1.0,0.9357756671189508,1.0,1.0
2141.0,1.0,0.9366802351876979,1.0,1.0
2142.0,1.0,0.9375848032564451,1.0,1.0
2143.0,1.0,0.9384893713251923,1.0,1.0
2144.0,1.0,0.9393939393939394,1.0,1.0
2145.0,1.0,0.9402985074626866,1.0,1.0
2146.0,1.0,0.9412030755314338,1.0,1.0
2147.0,1.0,0.942107643600181,1.0,1.0
2148.0,1.0,0.9430122116689281,1.0,1.0
2149.0,1.0,0.9439167797376753,1.0,1.0
2150.0,1.0,0.9448213478064225,1.0,1.0
2151.0,1.0,0.9457259158751696,1.0,1.0
2152.0,1.0,0.9466304839439168,1.0,1.0
2153.0,1.0,0.947535052012664,1.0,1.0
2154.0,1.0,0.9484396200814111,1.0,1.0
2155.0,1.0,0.9493441881501583,1.0,1.0
2156.0,1.0,0.9502487562189055,1.0,1.0
2157.0,1.0,0.9511533242876526,1.0,1.0
2158.0,1.0,0.9520578923563998,1.0,1.0
2159.0,1.0,0.952962460425147,1.0,1.0
2160.0,1.0,0.9538670284938942,1.0,1.0
2161.0,1.0,0.9547715965626413,1.0,1.0
2162.0,1.0,0.9556761646313885,1.0,1.0
2163.0,1.0,0.9565807327001357,1.0,1.0
2164.0,1.0,0.9574853007688828,1.0,1.0
2165.0,1.0,0.95838986883763,1.0,1.0
2166.0,1.0,0.9592944369063772,1.0,1.0
2167.0,1.0,0.9601990049751243,1.0,1.0
2168.0,1.0,0.9611035730438715,1.0,1.0
2169.0,1.0,0.9620081411126187,1.0,1.0
2170.0,1.0,0.9629127091813658,1.0,1.0
2171.0,1.0,0.963817277250113,1.0,1.0
2172.0,1.0,0.9647218453188602,1.0,1.0
2173.0,1.0,0.9656264133876074,1.0,1.0
2174.0,1.0,0.9665309814563545,1.0,1.0
2175.0,1.0,0.9674355495251017,1.0,1.0
2176.0,1.0,0.9683401175938489,1.0,1.0
2177.0,1.0,0.969244685662596,1.0,1.0
2178.0,1.0,0.9701492537313432,1.0,1.0
2179.0,1.0,0.9710538218000904,1.0,1.0
2180.0,1.0,0.9719583898688375,1.0,1.0
2181.0,1.0,0.9728629579375847,1.0,1.0
2182.0,1.0,0.9737675260063319,1.0,1.0
2183.0,1.0,0.9746720940750793,1.0,1.0
2184.0,1.0,0.9755766621438264,1.0,1.0
2185.0,1.0,0.9764812302125736,1.0,1.0
2186.0,1.0,0.9773857982813208,1.0,1.0
2187.0,1.0,0.9782903663500679,1.0,1.0
2188.0,1.0,0.9791949344188151,1.0,1.0
2189.0,1.0,0.9800995024875623,1.0,1.0
2190.0,1.0,0.9810040705563094,1.0,1.0
2191.0,1.0,0.9819086386250566,1.0,1.0
2192.0,1.0,0.9828132066938038,1.0,1.0
2193.0,1.0,0.983717774762551,1.0,1.0
2194.0,1.0,0.9846223428312981,1.0,1.0
2195.0,1.0,0.9855269109000453,1.0,1.0
2196.0,1.0,0.9864314789687925,1.0,1.0
2197.0,1.0,0.9873360470375396,1.0,1.0
2198.0,1.0,0.9882406151062868,1.0,1.0
2199.0,1.0,0.989145183175034,1.0,1.0
2200.0,1.0,0.9900497512437811,1.0,1.0
2201.0,1.0,0.9909543193125283,1.0,1.0
2202.0,1.0,0.9918588873812755,1.0,1.0
2203.0,1.0,0.9927634554500226,1.0,1.0
2204.0,1.0,0.9936680235187698,1.0,1.0
2205.0,1.0,0.994572591587517,1.0,1.0
2206.0,1.0,0.9954771596562642,1.0,1.0
2207.0,1.0,0.9963817277250113,1.0,1.0
2208.0,1.0,0.9972862957937585,1.0,1.0
2209.0,1.0,0.9981908638625057,1.0,1.0
2210.0,1.0,0.9990954319312528,1.0,1.0
2211.0,1.0,1.0,1.0,1.0
